time,latitude,longitude,depth,mag,magType,nst,gap,dmin,rms,net,id,updated,place,type,horizontalError,depthError,magError,magNst,status,locationSource,magSource
2021-02-01T05:46:53.021Z,38.9633,26.0739,10,4.8,mb,,34,0.656,0.81,us,us6000ddkk,2021-02-01T06:28:47.250Z,"15 km SW of Polichnítos, Greece",earthquake,4.8,1.9,0.135,17,reviewed,us,us
2021-02-01T05:31:49.501Z,4.1669,126.6027,52.26,4.5,mb,,117,3.058,0.5,us,us6000ddkj,2021-02-01T05:55:05.040Z,"186 km SE of Sarangani, Philippines",earthquake,4.1,8.2,0.131,17,reviewed,us,us
2021-02-01T05:20:05.048Z,-59.1473,-26.0908,119.68,5,mb,,86,7.511,0.79,us,us6000ddkg,2021-02-01T05:37:46.040Z,"South Sandwich Islands region",earthquake,10.1,5.7,0.067,70,reviewed,us,us
2021-01-31T23:20:48.932Z,-31.7572,-68.9636,10,4.7,mwr,,39,0.318,0.88,us,us6000ddi8,2021-02-01T05:45:48.213Z,"31 km SW of Villa Basilio Nievas, Argentina",earthquake,2,1.7,0.038,68,reviewed,us,us
2021-01-31T22:06:01.148Z,28.1914,57.2543,10,4.9,mb,,71,3.366,0.53,us,us6000ddhs,2021-01-31T23:41:57.040Z,"118 km N of Mīnāb, Iran",earthquake,8.7,1.9,0.063,78,reviewed,us,us
2021-01-31T19:05:15.024Z,2.6443,-59.6288,9.68,5.7,mww,,28,0.926,0.61,us,us6000ddge,2021-02-01T06:22:55.812Z,"83 km SSE of Lethem, Guyana",earthquake,7.6,4.5,0.089,12,reviewed,us,us
2021-01-31T16:04:33.395Z,28.1114,56.7093,10,4.9,mww,,72,3.185,0.76,us,us6000ddfd,2021-01-31T21:59:48.111Z,"110 km NNE of Bandar Abbas, Iran",earthquake,8.6,1.9,0.093,11,reviewed,us,us
2021-01-31T15:51:49.270Z,22.1809,143.8612,128.97,4.9,mb,,102,5.125,0.65,us,us6000ddfb,2021-01-31T16:21:10.040Z,"Volcano Islands, Japan region",earthquake,9.8,6.8,0.036,240,reviewed,us,us
2021-01-31T09:44:41.806Z,-5.4951,133.8417,10,5.1,mww,,55,3.011,0.99,us,us6000dddu,2021-01-31T10:02:41.040Z,"121 km E of Tual, Indonesia",earthquake,6.3,1.9,0.098,10,reviewed,us,us
2021-01-31T09:28:51.342Z,-5.6403,133.6777,10,4.9,mb,,106,3.055,0.76,us,us6000dddp,2021-01-31T09:57:49.624Z,"102 km E of Tual, Indonesia",earthquake,6.1,1.8,0.169,11,reviewed,us,us
2021-01-31T05:11:02.963Z,21.7656,145.4551,10,5,mb,,75,6.085,0.63,us,us6000ddct,2021-02-01T05:21:11.614Z,"Mariana Islands region",earthquake,8,1.6,0.042,179,reviewed,us,us
2021-01-31T03:59:26.683Z,-24.2289,-66.9403,168.65,5.1,mb,,29,2.852,0.9,us,us6000ddcd,2021-01-31T23:27:59.070Z,"63 km W of San Antonio de los Cobres, Argentina",earthquake,8.1,6.7,0.025,515,reviewed,us,us
2021-01-31T01:33:03.884Z,-22.9561,-179.523,530.6,4.6,mb,,99,6.424,0.73,us,us6000ddbs,2021-01-31T02:04:47.040Z,"south of the Fiji Islands",earthquake,15.5,5.2,0.141,15,reviewed,us,us
2021-01-31T00:34:14.062Z,9.1132,126.468,10,4.9,mb,,116,2.212,0.63,us,us6000ddbf,2021-01-31T00:52:28.040Z,"26 km ENE of La Paz, Philippines",earthquake,5.5,1.9,0.072,60,reviewed,us,us
2021-01-30T15:36:50.468Z,-62.2162,-57.5546,10,5,mb,,96,1.213,1.12,us,us6000dd9d,2021-01-30T15:53:25.040Z,"South Shetland Islands",earthquake,9.3,1.9,0.088,41,reviewed,us,us
2021-01-30T14:19:28.576Z,47.2241,152.5273,112.18,4.6,mb,,170,6.674,0.9,us,us6000dd90,2021-01-30T15:02:25.040Z,"Kuril Islands",earthquake,12.5,8.9,0.054,103,reviewed,us,us
2021-01-30T13:29:25.576Z,-5.7927,148.4892,129.72,4.5,mb,,65,3.889,0.92,us,us6000dd8q,2021-01-30T15:10:33.040Z,"110 km NE of Finschhafen, Papua New Guinea",earthquake,9.8,8.5,0.118,21,reviewed,us,us
2021-01-30T13:24:59.163Z,-19.9645,-70.3439,60.95,5.2,mww,,136,0.617,0.82,us,us6000dd81,2021-01-31T17:10:46.811Z,"34 km NW of Iquique, Chile",earthquake,4.7,3.5,0.071,19,reviewed,us,us
2021-01-30T10:52:32.139Z,-4.4977,102.5621,57.84,5.4,mb,,67,0.415,0.85,us,us6000dd7l,2021-01-31T10:55:36.767Z,"83 km SSE of Bengkulu, Indonesia",earthquake,7.1,6.1,0.053,124,reviewed,us,us
2021-01-30T09:50:05.806Z,1.5434,121.9811,483.48,4.5,mb,,80,1.273,0.96,us,us6000dd7d,2021-01-30T10:05:58.040Z,"163 km NW of Gorontalo, Indonesia",earthquake,8.9,8.3,0.106,26,reviewed,us,us
2021-01-30T08:35:16.976Z,54.2063,169.2715,19.84,5.3,mww,,81,3.243,0.81,us,us6000dd74,2021-01-30T18:34:06.040Z,"Komandorskiye Ostrova, Russia region",earthquake,8.3,4.4,0.041,56,reviewed,us,us
2021-01-30T08:22:05.719Z,-18.2509,-69.7706,115.85,4.8,mb,,76,0.555,0.66,us,us6000dd72,2021-01-31T01:47:50.530Z,"55 km SE of Calana, Peru",earthquake,7.1,7.2,0.084,43,reviewed,us,us
2021-01-30T05:35:28.317Z,12.7207,-88.0212,68.47,5,mb,,125,0.976,0.74,us,us6000dd68,2021-01-30T06:07:49.025Z,"off the coast of Central America",earthquake,6.7,6.1,0.035,254,reviewed,us,us
2021-01-30T05:17:24.647Z,-3.0919,129.3568,10.06,5.3,mb,,57,2.893,0.66,us,us6000dd64,2021-01-30T05:36:35.040Z,"55 km ENE of Amahai, Indonesia",earthquake,6.8,4.2,0.068,73,reviewed,us,us
2021-01-30T04:19:24.322Z,-62.119,-56.4648,10,5,mb,,49,1.038,0.88,us,us6000dd5u,2021-01-30T04:37:24.040Z,"South Shetland Islands",earthquake,5.3,1.9,0.073,60,reviewed,us,us
2021-01-29T22:33:50.047Z,14.1561,145.1772,109.31,4.6,mb,,66,0.638,0.64,us,us6000dd3m,2021-01-30T23:41:22.076Z,"75 km NNE of Yigo Village, Guam",earthquake,7.3,5.8,0.07,61,reviewed,us,us
2021-01-29T19:47:55.905Z,-13.963,121.8415,10,5.6,mww,,25,4.808,1.08,us,us6000dd2i,2021-01-30T19:51:15.057Z,"northwest of Australia",earthquake,5.7,1.7,0.06,27,reviewed,us,us
2021-01-29T19:31:28.876Z,2.6278,126.7698,18.55,4.6,mb,,105,1.937,0.83,us,us6000dd2d,2021-01-29T21:46:50.040Z,"170 km NW of Tobelo, Indonesia",earthquake,7.9,5.1,0.107,28,reviewed,us,us
2021-01-29T19:23:38.515Z,7.1192,-72.0935,20.96,4.7,mb,,110,1.565,0.73,us,us6000dd2a,2021-01-31T19:25:30.631Z,"12 km N of Cubará, Colombia",earthquake,5.3,6,0.079,51,reviewed,us,us
2021-01-29T14:10:39.834Z,-61.7259,-55.3187,10,5.2,mb,,54,1.66,0.71,us,us6000dcxt,2021-01-29T14:29:46.040Z,"South Shetland Islands",earthquake,6.1,1.6,0.07,69,reviewed,us,us
2021-01-29T13:54:40.608Z,-61.8129,-55.4615,10,4.8,mb,,64,1.568,1.13,us,us6000dcxq,2021-01-29T14:17:58.040Z,"South Shetland Islands",earthquake,8,1.9,0.103,29,reviewed,us,us
2021-01-29T13:23:26.183Z,8.2289,-82.9922,10,4.7,mb,,150,0.371,0.68,us,us6000dcxa,2021-01-29T13:48:05.040Z,"15 km WSW of Puerto Armuelles, Panama",earthquake,3.5,1.5,0.118,22,reviewed,us,us
2021-01-29T13:14:44.904Z,8.2765,-82.9539,10,5.5,mww,,76,0.385,0.74,us,us6000dcx7,2021-01-30T13:19:00.023Z,"10 km W of Puerto Armuelles, Panama",earthquake,5.1,1.8,0.043,51,reviewed,us,us
2021-01-29T12:41:39.155Z,8.1941,-82.9664,10,5.6,mww,,82,0.41,0.74,us,us6000dcx1,2021-01-30T12:45:00.915Z,"14 km SW of Puerto Armuelles, Panama",earthquake,5,1.8,0.068,21,reviewed,us,us
2021-01-29T11:23:28.861Z,8.2438,-83.0096,11.31,4.9,mb,,134,0.348,0.73,us,us6000dcwl,2021-01-29T13:03:31.284Z,"16 km WSW of Puerto Armuelles, Panama",earthquake,6.3,4.9,0.037,231,reviewed,us,us
2021-01-29T10:40:57.314Z,-31.2597,-179.2701,200.05,4.7,mb,,82,2.319,0.69,us,us6000dcwh,2021-01-29T11:26:47.040Z,"Kermadec Islands region",earthquake,12.6,7.5,0.08,48,reviewed,us,us
2021-01-29T05:52:29.281Z,-8.4941,159.0781,127.3,4.9,mb,,85,1.272,0.73,us,us6000dctr,2021-01-29T06:10:41.040Z,"68 km SW of Buala, Solomon Islands",earthquake,10.3,7.4,0.065,74,reviewed,us,us
2021-01-29T05:12:20.374Z,13.5212,120.5455,20.51,4.9,mww,,60,9.727,0.91,us,us6000dctk,2021-01-29T11:55:55.627Z,"14 km ENE of Harrison, Philippines",earthquake,9.2,5.6,0.093,11,reviewed,us,us
2021-01-28T19:24:27.585Z,40.1289,141.6107,74.98,4.6,mb,,134,0.78,0.94,us,us6000dcqf,2021-01-28T21:14:01.040Z,"29 km ESE of Ichinohe, Japan",earthquake,8,5.2,0.067,66,reviewed,us,us
2021-01-28T18:51:50.577Z,44.234,147.5434,66.26,4.6,mb,,135,3.563,0.78,us,us6000dcq6,2021-01-28T19:09:37.040Z,"81 km NE of Shikotan, Russia",earthquake,4.7,7.3,0.067,66,reviewed,us,us
2021-01-28T18:24:03.192Z,36.4602,142.188,35,4.6,mb,,249,3.206,1.08,us,us6000dcpu,2021-01-28T19:12:14.040Z,"133 km ESE of Iwaki, Japan",earthquake,11.2,2,0.272,6,reviewed,us,us
2021-01-28T17:06:26.932Z,41.249,49.9627,35,4.6,mb,,85,4.118,0.99,us,us6000dcpj,2021-01-29T14:34:46.929Z,"63 km NE of Şuraabad, Azerbaijan",earthquake,8,2,0.085,41,reviewed,us,us
2021-01-28T10:38:45.690Z,13.9473,-91.8831,46.86,4.8,mb,,128,0.602,0.76,us,us6000dcme,2021-01-28T10:53:47.040Z,"38 km S of Champerico, Guatemala",earthquake,7.9,7.7,0.032,312,reviewed,us,us
2021-01-28T07:57:12.495Z,4.9125,127.4813,122.66,4.8,mb,,81,2.858,0.63,us,us6000dclc,2021-01-28T08:25:08.040Z,"215 km SE of Pondaguitan, Philippines",earthquake,8.1,7.4,0.055,105,reviewed,us,us
2021-01-28T07:29:33.011Z,22.5735,121.0345,10,4.8,mb,,82,0.246,0.64,us,us6000dclb,2021-01-28T08:13:27.040Z,"61 km E of Donggang, Taiwan",earthquake,5.7,1.9,0.072,59,reviewed,us,us
2021-01-28T06:03:22.557Z,-6.373,154.0443,10,5,mb,,45,13.797,0.63,us,us6000dckn,2021-01-28T06:50:47.040Z,"159 km W of Panguna, Papua New Guinea",earthquake,12.3,1.8,0.074,59,reviewed,us,us
2021-01-27T16:46:16.399Z,-6.447,129.9282,155.63,4.6,mb,,47,2.043,0.67,us,us7000d3rp,2021-01-27T17:01:56.040Z,"Banda Sea",earthquake,6.9,7.3,0.088,42,reviewed,us,us
2021-01-27T16:35:32.195Z,5.3689,-82.4601,10,4.7,mb,,150,3.14,0.58,us,us7000d3rn,2021-01-27T22:32:53.040Z,"283 km SW of Arenas, Panama",earthquake,9.2,1.8,0.073,57,reviewed,us,us
2021-01-27T16:25:14.358Z,40.5053,-127.0326,2.2,4.6,mwr,,178,2.055,0.57,us,us7000d3rk,2021-01-31T10:04:14.543Z,"234 km W of Ferndale, California",earthquake,6.4,4.1,0.04,59,reviewed,us,us
2021-01-27T14:27:38.822Z,42.7779,146.3204,40.15,4.6,mb,,54,2.463,0.85,us,us7000d3q6,2021-01-29T14:44:10.040Z,"85 km SE of Nemuro, Japan",earthquake,8.5,7.2,0.076,54,reviewed,us,us
2021-01-27T12:45:30.286Z,-3.0081,138.5982,57.6,4.9,mb,,57,6.341,0.66,us,us7000d3nu,2021-01-27T13:04:49.040Z,"230 km WSW of Abepura, Indonesia",earthquake,7.6,7.5,0.087,41,reviewed,us,us
2021-01-27T10:40:26.412Z,-5.1515,103.6685,49.15,4.8,mb,,40,1.059,0.99,us,us7000d3n4,2021-01-27T11:00:28.040Z,"southern Sumatra, Indonesia",earthquake,6.7,7.3,0.078,51,reviewed,us,us
2021-01-27T09:10:39.198Z,-20.3181,-178.1238,571.54,5,mb,,135,4.43,0.68,us,us7000d3m9,2021-01-27T09:25:59.040Z,"Fiji region",earthquake,14.2,9.9,0.089,40,reviewed,us,us
2021-01-27T07:57:33.678Z,4.4125,-75.8607,161.62,4.9,mb,,87,1.593,1.12,us,us7000d3m3,2021-01-28T01:50:11.732Z,"9 km WSW of La Tebaida, Colombia",earthquake,5.7,5,0.028,418,reviewed,us,us
2021-01-27T05:06:53.189Z,42.7181,141.9689,115.72,5.2,mww,,25,1.126,0.97,us,us7000d3l5,2021-01-28T00:48:12.349Z,"28 km ESE of Chitose, Japan",earthquake,6,4.5,0.093,11,reviewed,us,us
2021-01-27T04:19:57.059Z,0.0112,123.4652,140.21,5,mb,,34,1.255,0.96,us,us7000d3kp,2021-01-27T23:18:16.040Z,"73 km SE of Gorontalo, Indonesia",earthquake,7,5,0.063,81,reviewed,us,us
2021-01-27T04:08:27.085Z,-61.8745,-55.3996,10,5,mb,,43,1.579,0.76,us,us7000d3nd,2021-01-27T23:07:10.040Z,"South Shetland Islands",earthquake,7.8,1.8,0.113,25,reviewed,us,us
2021-01-27T03:13:23.013Z,-10.5051,123.7682,10,4.9,mb,,64,0.892,0.62,us,us7000d3kg,2021-01-27T23:40:36.040Z,"40 km SSE of Kupang, Indonesia",earthquake,5.4,1.9,0.117,23,reviewed,us,us
2021-01-26T23:37:58.059Z,-28.7837,-68.9078,106.13,4.5,mwr,,62,1.576,1,us,us7000d3jg,2021-01-26T23:56:32.040Z,"68 km W of Vinchina, Argentina",earthquake,6.7,6.8,0.062,25,reviewed,us,us
2021-01-26T15:42:21.236Z,-6.8746,155.8101,86.41,4.9,mb,,77,4.823,0.47,us,us7000d3gs,2021-01-26T16:35:35.040Z,"71 km SSE of Panguna, Papua New Guinea",earthquake,9.4,8.4,0.084,44,reviewed,us,us
2021-01-26T15:28:41.243Z,18.4058,145.5939,184.45,4.5,mb,,83,3.159,0.74,us,us7000d3gw,2021-01-26T16:28:33.040Z,"Pagan region, Northern Mariana Islands",earthquake,11.1,7.6,0.058,86,reviewed,us,us
2021-01-26T14:56:59.874Z,46.9229,152.4187,76.54,4.6,mb,,80,6.613,0.52,us,us7000d3g3,2021-01-26T15:51:44.040Z,"Kuril Islands",earthquake,7.6,6.5,0.084,42,reviewed,us,us
2021-01-26T14:32:42.636Z,41.5272,19.4653,5.28,4.5,mb,,40,0.914,0.84,us,us7000d3f3,2021-01-26T16:40:56.614Z,"19 km WSW of Mamurras, Albania",earthquake,5.2,5,0.131,19,reviewed,us,us
2021-01-26T14:28:40.803Z,34.2899,142.2572,10,4.5,mb,,136,2.349,0.55,us,us7000d3f4,2021-01-26T15:18:22.040Z,"201 km ESE of Ōhara, Japan",earthquake,5.5,1.9,0.204,7,reviewed,us,us
2021-01-26T13:50:09.917Z,-25.8663,-71.0164,30.16,4.6,mwr,,109,0.469,0.69,us,us7000d3ev,2021-01-26T15:10:37.040Z,"73 km SW of Taltal, Chile",earthquake,5.2,5.2,,,reviewed,us,guc
2021-01-26T13:05:42.567Z,-19.9803,-178.171,578.82,4.6,mb,,113,4.21,0.49,us,us7000d3eq,2021-01-26T14:41:39.040Z,"Fiji region",earthquake,12.7,7.9,0.048,128,reviewed,us,us
2021-01-26T11:17:40.697Z,36.1658,41.0703,10,4.9,mb,,85,1.169,0.7,us,us7000d3ec,2021-01-28T03:40:58.942Z,"47 km SE of Al Ḩasakah, Syria",earthquake,5.5,1.9,0.085,43,reviewed,us,us
2021-01-26T07:59:27.316Z,-23.9749,-179.1857,528,5,mb,,120,5.367,1.04,us,us7000d3dl,2021-01-26T08:13:21.040Z,"south of the Fiji Islands",earthquake,14,12.1,0.103,30,reviewed,us,us
2021-01-26T05:08:48.712Z,-11.2648,165.2696,10,5.1,mb,,63,4.563,0.91,us,us7000d3c9,2021-01-26T05:35:34.040Z,"Santa Cruz Islands",earthquake,8.7,1.8,0.075,58,reviewed,us,us
2021-01-26T04:17:53.472Z,-6.9577,155.8125,57.67,5.3,mww,,50,4.554,0.95,us,us7000d3c0,2021-01-27T04:21:15.257Z,"79 km SSE of Panguna, Papua New Guinea",earthquake,8.9,4.3,0.093,11,reviewed,us,us
2021-01-26T01:30:30.003Z,-22.0911,-179.3714,541.6,4.9,mb,,86,4.956,0.84,us,us7000d3ax,2021-01-27T00:42:08.040Z,"south of the Fiji Islands",earthquake,12,6.2,0.083,46,reviewed,us,us
2021-01-25T23:46:56.486Z,13.9776,144.5881,194.79,4.6,mb,,66,0.472,0.82,us,us7000d3ag,2021-01-26T07:15:36.022Z,"57 km NNW of Asan-Maina Village, Guam",earthquake,10,5.7,0.068,64,reviewed,us,us
2021-01-25T22:02:00.713Z,60.2371,-145.9395,16.5,4.8,ml,,,,0.62,ak,ak02115pjn6u,2021-01-27T22:31:08.591Z,"35 km SSW of Cordova, Alaska",earthquake,,0.2,,,reviewed,ak,ak
2021-01-25T21:26:08.873Z,-5.4998,151.8614,35,5.1,mb,,40,13.845,0.91,us,us7000d395,2021-01-25T21:54:18.040Z,"135 km SSW of Kokopo, Papua New Guinea",earthquake,6.8,1.9,0.05,132,reviewed,us,us
2021-01-25T20:42:07.683Z,-15.6495,-178.7347,10,5.1,mb,,96,1.459,0.58,us,us7000d38u,2021-01-25T21:14:30.040Z,"162 km SSW of Leava, Wallis and Futuna",earthquake,11.5,1.8,0.083,47,reviewed,us,us
2021-01-25T20:37:55.083Z,-17.3401,-174.1694,72.55,5,mb,,80,4.114,0.61,us,us7000d38j,2021-01-25T22:34:14.040Z,"146 km N of Neiafu, Tonga",earthquake,13.8,7.6,0.162,12,reviewed,us,us
2021-01-25T20:35:37.612Z,-23.468,-66.721,211,4.5,mb,,99,1.436,0.66,us,us7000d38f,2021-01-25T20:54:03.040Z,"92 km NNW of San Antonio de los Cobres, Argentina",earthquake,7.3,7.8,0.088,38,reviewed,us,us
2021-01-25T19:31:23.696Z,-11.4051,164.5207,10,4.8,mb,,96,4.79,0.69,us,us7000d37f,2021-01-25T20:28:24.040Z,"158 km WSW of Lata, Solomon Islands",earthquake,9.1,1.9,0.139,16,reviewed,us,us
2021-01-25T17:22:38.290Z,51.5572,177.746,45.83,4.9,mb,,122,2.147,0.86,us,us7000d36v,2021-01-25T17:56:31.040Z,"Rat Islands, Aleutian Islands, Alaska",earthquake,6.7,5.5,0.032,308,reviewed,us,us
2021-01-25T14:24:44.700Z,21.7866,119.8977,10,5,mb,,100,1.5,0.54,us,us7000d34w,2021-01-25T16:23:04.218Z,"90 km WSW of Hengchun, Taiwan",earthquake,6,1.9,0.1,34,reviewed,us,us
2021-01-25T14:09:07.840Z,40.3373,142.1377,54.24,4.5,mb,,167,0.934,0.17,us,us7000d34t,2021-01-25T15:26:43.040Z,"57 km ESE of Hachinohe, Japan",earthquake,5.3,9.1,0.163,11,reviewed,us,us
2021-01-25T13:54:32.148Z,-11.9224,65.9279,10,4.7,mb,,108,12.596,0.74,us,us7000d34x,2021-01-25T15:13:11.040Z,"Mid-Indian Ridge",earthquake,5.1,1.9,0.102,29,reviewed,us,us
2021-01-25T13:35:27.456Z,37.6994,20.887,27.46,4.6,mb,,58,0.976,0.8,us,us7000d34m,2021-01-26T04:54:20.795Z,"5 km ESE of Lithakiá, Greece",earthquake,5.9,3.1,0.132,19,reviewed,us,us
2021-01-25T11:34:14.208Z,-5.7001,149.0846,203.14,4.5,mb,,85,11.39,0.56,us,us7000d346,2021-01-25T12:04:38.040Z,"75 km NW of Kandrian, Papua New Guinea",earthquake,6.6,9.7,0.1,29,reviewed,us,us
2021-01-25T09:05:54.825Z,23.4746,123.6934,10,4.9,mww,,101,1.168,0.81,us,us7000d33k,2021-01-25T09:32:58.040Z,"107 km SSW of Ishigaki, Japan",earthquake,6.2,1.9,0.083,14,reviewed,us,us
2021-01-25T07:53:22.423Z,-4.548,152.1861,100.14,5.2,mww,,30,0.355,0.7,us,us7000d32y,2021-01-26T07:56:12.577Z,"24 km SSW of Kokopo, Papua New Guinea",earthquake,9.1,4.4,0.093,11,reviewed,us,us
2021-01-25T07:25:35.422Z,23.527,123.6457,10,5.2,mww,,95,1.101,0.68,us,us7000d32v,2021-01-25T18:51:11.576Z,"104 km SSW of Ishigaki, Japan",earthquake,6,1.9,0.068,21,reviewed,us,us
2021-01-24T23:21:41.140Z,18.2516,-64.0708,94,5.4,ml,28,185,1.0163,0.65,pr,pr2021024007,2021-01-28T00:50:19.799Z,"76 km E of Cruz Bay, U.S. Virgin Islands",earthquake,5.45,3.26,0.09,20,reviewed,pr,pr
2021-01-24T21:49:41.843Z,-4.7645,138.5992,87.97,4.6,mb,,128,7.928,0.96,us,us7000d2zs,2021-01-25T00:59:17.040Z,"Papua, Indonesia",earthquake,11,7.9,0.094,34,reviewed,us,us
2021-01-24T21:16:22.033Z,54.4082,-162.0924,35,5.1,mww,,53,0.58,0.95,us,us7000d2zh,2021-01-31T21:26:30.428Z,"74 km S of King Cove, Alaska",earthquake,4,1.9,0.053,34,reviewed,us,us
2021-01-24T20:34:13.761Z,-61.7671,-55.2872,10,4.8,mb,,96,1.661,1.36,us,us7000d2yw,2021-01-24T20:52:15.040Z,"South Shetland Islands",earthquake,6.7,1.9,0.113,24,reviewed,us,us
2021-01-24T19:12:34.936Z,-38.1692,176.3891,6.47,5.2,mww,,65,0.643,1.32,us,us7000d2yf,2021-01-29T01:19:23.747Z,"13 km ESE of Rotorua, New Zealand",earthquake,6.5,6.3,0.098,10,reviewed,us,us
2021-01-24T19:01:22.234Z,37.1675,71.6156,108.8,5.2,mb,,61,3.351,1.02,us,us7000d2ye,2021-01-24T20:01:36.652Z,"36 km S of Khorugh, Tajikistan",earthquake,4.8,7.8,0.072,63,reviewed,us,us
2021-01-24T18:57:01.978Z,-38.0634,176.4366,10,4.6,mb,,71,0.697,1.18,us,us7000d2yi,2021-01-24T20:12:53.159Z,"18 km ENE of Rotorua, New Zealand",earthquake,7,1.9,0.315,4,reviewed,us,us
2021-01-24T18:42:09.158Z,-1.9621,133.5979,45.69,5,mww,,136,1.649,1.13,us,us7000d2yb,2021-01-24T18:57:38.040Z,"132 km SSW of Manokwari, Indonesia",earthquake,10.1,9,0.098,10,reviewed,us,us
2021-01-24T18:24:04.128Z,42.092,144.9053,10,4.8,mww,,174,1.304,0.71,us,us7000d2y6,2021-01-24T18:38:04.040Z,"107 km SSE of Kushiro, Japan",earthquake,7.8,1.4,0.098,10,reviewed,us,us
2021-01-24T18:11:01.330Z,-61.7017,-55.2097,10,4.8,mb,,57,1.717,1,us,us7000d2y4,2021-01-24T18:23:11.040Z,"South Shetland Islands",earthquake,7.2,1.9,0.121,21,reviewed,us,us
2021-01-24T15:11:14.079Z,-52.9292,10.0844,10,5.1,mb,,94,19.656,0.56,us,us7000d2xc,2021-01-24T15:28:51.040Z,"southwest of Africa",earthquake,12.3,1.9,0.114,26,reviewed,us,us
2021-01-24T14:26:39.854Z,9.0479,126.4787,17.09,5.2,mww,,90,2.157,1.09,us,us7000d2x8,2021-01-25T18:34:24.688Z,"24 km ENE of Bacolod, Philippines",earthquake,9.7,4.5,0.071,19,reviewed,us,us
2021-01-24T13:40:49.574Z,-61.8199,-55.3951,10,4.9,mb,,77,1.596,0.45,us,us7000d2wz,2021-01-24T14:08:02.040Z,"South Shetland Islands",earthquake,6.7,1.7,0.096,34,reviewed,us,us
2021-01-24T13:03:29.357Z,-4.4557,102.5367,56.3,5.1,mb,,83,0.428,0.6,us,us7000d2wn,2021-01-24T14:48:40.040Z,"78 km SSE of Bengkulu, Indonesia",earthquake,6.9,5.2,0.068,69,reviewed,us,us
2021-01-24T12:14:45.408Z,-61.778,-55.3732,10,5.5,mww,,56,1.618,0.7,us,us7000d2wh,2021-01-25T14:20:04.038Z,"South Shetland Islands",earthquake,4.6,1.8,0.059,28,reviewed,us,us
2021-01-24T10:26:06.726Z,-58.4113,-14.6216,10,4.9,mb,,66,14.163,0.67,us,us7000d2vx,2021-01-24T10:48:53.040Z,"east of the South Sandwich Islands",earthquake,12.4,1.9,0.097,33,reviewed,us,us
2021-01-24T10:06:23.736Z,-21.995,-176.3423,99.23,4.8,mb,,140,9.136,0.76,us,us7000d2vp,2021-01-24T10:30:19.040Z,"Fiji region",earthquake,12.2,6.6,0.105,28,reviewed,us,us
2021-01-24T09:29:48.937Z,-14.579,166.7808,35,4.9,mb,,47,0.954,0.89,us,us7000d2vl,2021-01-24T09:50:24.040Z,"60 km NNW of Port-Olry, Vanuatu",earthquake,8.1,2,0.051,120,reviewed,us,us
2021-01-24T09:29:05.762Z,-61.7908,-55.2398,10,4.7,mb,,77,1.675,0.63,us,us7000d2vk,2021-01-24T09:56:57.040Z,"South Shetland Islands",earthquake,6.7,1.9,0.082,45,reviewed,us,us
2021-01-24T06:36:27.671Z,-17.9067,-177.2595,326.26,5.2,mww,,126,3.673,1.09,us,us7000d2up,2021-01-24T06:56:49.040Z,"Fiji region",earthquake,12.1,7.5,0.098,10,reviewed,us,us
2021-01-24T06:23:26.093Z,17.8385,-105.9309,10,4.5,mb,,184,4.806,1.34,us,us7000d2uk,2021-01-24T06:44:33.040Z,"199 km SSW of Emiliano Zapata, Mexico",earthquake,10.4,1.9,0.035,232,reviewed,us,us
2021-01-24T05:47:53.088Z,-51.1834,162.1096,10,5.8,mww,,88,3.831,0.92,us,us7000d2ty,2021-01-25T05:52:34.247Z,"Auckland Islands, New Zealand region",earthquake,8.6,1.9,0.061,26,reviewed,us,us
2021-01-24T05:29:31.741Z,-61.7299,-55.0513,10,4.9,mb,,55,1.779,0.7,us,us7000d2tr,2021-01-24T05:46:59.040Z,"South Shetland Islands",earthquake,5.6,1.8,0.082,47,reviewed,us,us
2021-01-24T04:08:41.235Z,2.1748,128.7255,40.88,4.7,mb,,118,1.946,1.05,us,us7000d2tf,2021-01-24T04:28:19.040Z,"93 km ENE of Tobelo, Indonesia",earthquake,9.3,9.2,0.102,29,reviewed,us,us
2021-01-24T01:01:03.245Z,-17.8606,-178.1796,508.44,4.6,mb,,42,3.533,0.94,us,us7000d2sq,2021-01-24T01:19:01.040Z,"266 km E of Levuka, Fiji",earthquake,11,8.2,0.034,253,reviewed,us,us
2021-01-24T00:51:35.749Z,-61.6758,-55.3356,10,4.9,mb,,59,1.67,0.63,us,us7000d2sp,2021-01-24T01:07:17.040Z,"South Shetland Islands",earthquake,8.8,1.9,0.085,44,reviewed,us,us
2021-01-24T00:07:45.009Z,-33.3594,-70.2208,110.82,5.8,mww,,26,0.086,1.05,us,us7000d2s4,2021-01-28T20:54:25.870Z,"35 km ENE of Villa Presidente Frei, Ñuñoa, Santiago, Chile, Chile",earthquake,5,4.3,0.089,12,reviewed,us,us
2021-01-24T00:05:51.339Z,-61.7309,-55.474,10,4.9,mb,,90,1.588,0.85,us,us7000d2tg,2021-01-24T04:27:28.040Z,"South Shetland Islands",earthquake,5.2,1.9,0.129,19,reviewed,us,us
2021-01-24T00:03:17.223Z,-61.8614,-55.4293,10,5,mb,,54,1.569,0.79,us,us7000d2sh,2021-01-24T00:40:16.040Z,"South Shetland Islands",earthquake,7.6,1.8,0.12,22,reviewed,us,us
2021-01-23T23:48:39.298Z,-61.7055,-55.2091,10,5.4,mb,,46,1.716,0.84,us,us7000d2s3,2021-01-24T23:53:27.944Z,"South Shetland Islands",earthquake,8.2,1.8,0.079,55,reviewed,us,us
2021-01-23T23:36:50.808Z,-61.825,-55.4937,9.58,6.9,mww,,19,1.55,0.61,us,us7000d2rx,2021-01-25T08:55:31.875Z,"South Shetland Islands",earthquake,7.4,2.7,0.043,52,reviewed,us,us
2021-01-23T21:12:19.535Z,3.1561,-74.8038,40.81,4.9,mww,,70,1.745,1.29,us,us7000d2ra,2021-01-25T21:52:52.570Z,"24 km S of Colombia, Colombia",earthquake,7,6.9,0.093,11,reviewed,us,us
2021-01-23T19:38:39.383Z,-20.5614,-174.5779,30.89,4.6,mb,,100,4.62,0.55,us,us7000d2qq,2021-01-23T23:28:31.040Z,"81 km NE of Kolonga, Tonga",earthquake,12.1,6,0.102,29,reviewed,us,us
2021-01-23T19:19:01.181Z,-31.75,-68.8721,10,4.6,mb,,91,0.259,1.25,us,us7000d2qj,2021-01-24T02:32:36.040Z,"25 km SSW of Villa Basilio Nievas, Argentina",earthquake,4.6,1.9,0.164,11,reviewed,us,us
2021-01-23T17:37:06.482Z,-24.592,179.6491,519.64,4.8,mb,,72,6.974,0.85,us,us7000d2q3,2021-01-23T23:05:39.040Z,"south of the Fiji Islands",earthquake,11.6,8.3,0.091,40,reviewed,us,us
2021-01-23T16:58:51.331Z,-6.2472,147.6881,40.99,5.4,mww,,22,4.188,1.33,us,us7000d2px,2021-01-26T18:29:41.005Z,"38 km NNW of Finschhafen, Papua New Guinea",earthquake,5,4.3,0.093,11,reviewed,us,us
2021-01-23T13:12:10.549Z,37.1493,141.5625,47.32,4.8,mb,,142,2.757,0.46,us,us7000d2p7,2021-01-23T13:44:58.724Z,"61 km E of Iwaki, Japan",earthquake,5.2,6.9,0.072,60,reviewed,us,us
2021-01-23T11:47:33.822Z,-24.3296,-179.5053,424.62,5.5,mww,,31,5.094,1.17,us,us7000d2nr,2021-01-24T11:50:52.411Z,"south of the Fiji Islands",earthquake,9.9,5.4,0.098,10,reviewed,us,us
2021-01-23T11:22:54.724Z,-24.3237,-67.3026,188.73,4.5,mb,,67,1.584,0.9,us,us7000d2nk,2021-01-23T11:41:44.040Z,"100 km W of San Antonio de los Cobres, Argentina",earthquake,8.4,7.2,0.113,23,reviewed,us,us
2021-01-23T08:34:30.868Z,-6.2833,147.655,33.65,5.2,mww,,15,4.221,0.98,us,us7000d2mx,2021-01-23T15:32:25.040Z,"37 km NW of Finschhafen, Papua New Guinea",earthquake,7.8,3.6,0.093,11,reviewed,us,us
2021-01-23T08:24:16.184Z,6.0519,-77.4763,23.48,4.6,mb,,109,1.941,0.83,us,us7000d2mv,2021-01-23T21:33:33.032Z,"20 km SSW of Bahía Solano, Colombia",earthquake,5.7,4.8,0.094,34,reviewed,us,us
2021-01-23T05:39:18.329Z,42.3492,142.6016,104.66,4.9,mb,,76,0.531,0.79,us,us7000d2m3,2021-01-23T05:58:09.040Z,"19 km E of Shizunai-furukawachō, Japan",earthquake,5.7,4.8,0.028,397,reviewed,us,us
2021-01-23T04:58:13.439Z,13.4239,-90.9226,10,4.7,mb,,153,1.326,1.09,us,us7000d2lp,2021-01-23T23:23:07.183Z,"56 km S of Puerto San José, Guatemala",earthquake,8.1,1.9,0.034,261,reviewed,us,us
2021-01-23T03:37:18.851Z,-22.3481,171.5303,35,4.8,mb,,119,3.362,0.8,us,us7000d2le,2021-01-23T03:59:09.040Z,"southeast of the Loyalty Islands",earthquake,12.7,2,0.096,37,reviewed,us,us
2021-01-23T03:19:51.763Z,-6.3369,147.6009,29.26,5.7,mww,,35,4.271,1.02,us,us7000d2lc,2021-01-26T22:56:58.045Z,"36 km NW of Finschhafen, Papua New Guinea",earthquake,8.4,4.7,0.089,12,reviewed,us,us
2021-01-23T01:59:11.993Z,28.2749,104.2709,10,5,mb,,41,6.927,0.7,us,us7000d2l2,2021-01-23T02:17:33.040Z,"47 km WSW of Xunchang, China",earthquake,7.9,1.8,0.063,81,reviewed,us,us
2021-01-23T01:29:57.647Z,-33.2933,-179.4283,76.56,4.6,mb,,83,4.234,1.09,us,us6000dczy,2021-01-29T23:48:26.040Z,"south of the Kermadec Islands",earthquake,11.5,6.4,0.151,13,reviewed,us,us
2021-01-22T16:23:42.578Z,-33.1538,-179.4848,45.62,5.6,mww,,55,4.118,1.37,us,us7000d2f1,2021-01-23T16:27:00.568Z,"south of the Kermadec Islands",earthquake,8.4,3.7,0.052,35,reviewed,us,us
2021-01-22T16:03:57.835Z,37.3198,141.5884,31.68,4.7,mb,,156,1.562,0.71,us,us7000d2ew,2021-01-23T08:17:12.032Z,"55 km ESE of Namie, Japan",earthquake,4,6.6,0.142,15,reviewed,us,us
2021-01-22T13:51:06.331Z,12.7981,144.3558,41.7,4.8,mb,,71,0.931,0.54,us,us7000d2da,2021-01-23T06:48:10.647Z,"61 km SSW of Merizo Village, Guam",earthquake,9.4,8.4,0.109,26,reviewed,us,us
2021-01-22T12:47:03.194Z,4.926,127.4581,124.18,4.5,mb,,116,2.833,0.58,us,us7000d2cx,2021-01-22T13:11:04.040Z,"212 km SE of Pondaguitan, Philippines",earthquake,9,7.1,0.09,36,reviewed,us,us
2021-01-22T10:45:51.820Z,5.0118,127.5651,114.7,4.6,mb,,108,2.842,0.66,us,us7000d2cg,2021-01-22T11:22:03.040Z,"214 km SE of Pondaguitan, Philippines",earthquake,6.1,5.8,0.056,96,reviewed,us,us
2021-01-22T09:26:49.990Z,-3.9975,141.5101,55.81,4.7,mb,,70,6.161,1.06,us,us7000d2bz,2021-01-22T09:45:59.040Z,"133 km SW of Aitape, Papua New Guinea",earthquake,10.1,8.1,0.095,34,reviewed,us,us
2021-01-22T05:03:39.101Z,47.2812,-27.673,10,5,mb,,80,18.579,1.03,us,us7000d2aj,2021-01-22T05:23:24.040Z,"northern Mid-Atlantic Ridge",earthquake,6.9,1.9,0.06,89,reviewed,us,us
2021-01-22T04:02:14.919Z,39.299,72.0159,53.38,4.6,mb,,64,3.826,0.89,us,us7000d2a9,2021-01-22T04:32:22.040Z,"32 km SSW of Daroot-Korgon, Kyrgyzstan",earthquake,7.3,7,0.074,55,reviewed,us,us
2021-01-22T02:06:34.999Z,-35.7293,-103.0497,10,4.6,mb,,176,24.533,0.64,us,us7000d29s,2021-01-22T03:01:39.040Z,"southeast of Easter Island",earthquake,13.1,2,0.122,20,reviewed,us,us
2021-01-22T01:54:29.334Z,13.5408,119.277,27.67,4.7,mb,,112,20.109,0.41,us,us7000d29t,2021-01-22T10:59:00.368Z,"91 km WSW of Cabra, Philippines",earthquake,11.5,6.5,0.104,28,reviewed,us,us
2021-01-22T01:31:31.747Z,47.5616,-27.468,11.11,5,mb,,80,18.526,0.84,us,us7000d29v,2021-01-22T03:22:05.040Z,"northern Mid-Atlantic Ridge",earthquake,11.8,4.4,0.064,78,reviewed,us,us
2021-01-21T19:34:30.463Z,28.1256,105.008,38.97,4.5,mb,,43,4.469,0.77,us,us7000d26x,2021-01-21T20:31:21.040Z,"46 km SE of Xunchang, China",earthquake,8,4.5,0.096,32,reviewed,us,us
2021-01-21T17:00:19.652Z,-19.2794,-177.2965,563.8,4.5,mb,,115,5.006,0.92,us,us7000d246,2021-01-21T19:14:27.040Z,"Fiji region",earthquake,16,8.6,0.101,29,reviewed,us,us
2021-01-21T16:37:31.558Z,4.9907,127.3993,101.02,4.6,mb,,108,2.746,0.67,us,us7000d240,2021-01-21T22:36:48.040Z,"203 km SE of Pondaguitan, Philippines",earthquake,8,4.3,0.061,89,reviewed,us,us
2021-01-21T14:40:30.502Z,5.0055,127.2547,120.34,4.5,mb,,125,2.642,0.67,us,us7000d23c,2021-01-21T15:55:39.040Z,"191 km SE of Pondaguitan, Philippines",earthquake,8.6,8.8,0.127,18,reviewed,us,us
2021-01-21T14:27:06.642Z,35.0235,33.7103,68.47,4.9,mb,,84,0.317,0.94,us,us7000d23a,2021-01-22T21:45:00.054Z,"2 km S of Pérgamos, Cyprus",earthquake,5.4,5.2,0.077,53,reviewed,us,us
2021-01-21T13:51:19.153Z,-45.1688,166.7644,31.53,4.8,mb,,91,0.403,0.8,us,us7000d22u,2021-01-21T14:07:50.040Z,"79 km WNW of Te Anau, New Zealand",earthquake,5.1,4.6,0.16,12,reviewed,us,us
2021-01-21T12:23:05.774Z,5.0074,127.5174,95.81,7,mww,,28,2.813,0.82,us,us7000d20e,2021-01-24T22:57:52.349Z,"210 km SE of Pondaguitan, Philippines",earthquake,7,5,0.069,20,reviewed,us,us
2021-01-21T10:15:34.107Z,-2.3381,-79.4668,83.02,4.9,mb,,107,0.244,0.89,us,us7000d1zv,2021-01-21T23:45:52.783Z,"14 km SSW of Coronel Marcelino Maridueña, Ecuador",earthquake,8.1,5.4,0.034,267,reviewed,us,us
2021-01-21T10:09:35.181Z,48.2017,154.1748,66.1,4.6,mb,,135,5.399,0.71,us,us7000d1zu,2021-01-21T11:15:03.040Z,"Kuril Islands",earthquake,9.8,4.1,0.089,37,reviewed,us,us
2021-01-21T06:32:32.774Z,7.5114,-82.5272,10,4.5,mb,,153,1.189,0.72,us,us7000d1y9,2021-01-22T01:28:43.968Z,"68 km SSE of Punta de Burica, Panama",earthquake,4.1,1.9,0.11,24,reviewed,us,us
2021-01-21T06:26:03.352Z,-24.129,-67.269,211.33,4.7,mb,,74,1.438,0.72,us,us7000d1y7,2021-01-21T07:20:44.040Z,"97 km W of San Antonio de los Cobres, Argentina",earthquake,7.4,8.1,0.152,13,reviewed,us,us
2021-01-21T02:56:22.382Z,-5.6159,146.4695,62.66,4.6,mb,,32,3.66,0.52,us,us7000d1wr,2021-01-22T05:15:59.040Z,"87 km ESE of Madang, Papua New Guinea",earthquake,7.8,5.8,0.088,39,reviewed,us,us
2021-01-21T02:06:23.670Z,-5.5631,147.4593,193.51,4.8,mb,,59,3.497,0.5,us,us7000d1wf,2021-01-22T05:13:03.910Z,"118 km NNW of Finschhafen, Papua New Guinea",earthquake,9.4,7.7,0.06,87,reviewed,us,us
2021-01-21T00:27:45.619Z,-14.9523,-75.5424,10,4.8,mb,,98,3.206,0.88,us,us7000d1vf,2021-01-21T02:00:43.088Z,"46 km SW of Changuillo, Peru",earthquake,10.2,1.9,0.058,91,reviewed,us,us
2021-01-20T23:37:57.558Z,37.8777,26.7493,10,4.6,mb,,25,1.198,1,us,us7000d1v3,2021-01-25T11:47:38.758Z,"10 km NNE of Néon Karlovásion, Greece",earthquake,4.3,1.9,0.085,42,reviewed,us,us
2021-01-20T23:09:16.837Z,-14.959,-75.5198,10,5.3,mww,,146,3.221,0.66,us,us7000d1uw,2021-01-21T01:59:51.664Z,"45 km SW of Changuillo, Peru",earthquake,9.6,1.9,0.068,21,reviewed,us,us
2021-01-20T22:59:12.739Z,-15.0234,-75.5146,10.36,5.5,mww,,139,3.282,0.71,us,us7000d1ut,2021-01-21T23:02:57.218Z,"48 km WNW of Minas de Marcona, Peru",earthquake,9.5,4.4,0.055,32,reviewed,us,us
2021-01-20T22:49:27.108Z,-14.9977,-75.5846,10,4.8,mb,,102,3.232,0.85,us,us7000d1up,2021-01-31T05:05:05.152Z,"53 km SW of Changuillo, Peru",earthquake,9.7,1.8,0.068,66,reviewed,us,us
2021-01-20T22:27:44.256Z,-14.9396,-75.557,18.15,5.1,mww,,100,3.189,0.69,us,us7000d1uh,2021-01-31T04:37:10.219Z,"47 km SW of Changuillo, Peru",earthquake,9.4,3.7,0.075,17,reviewed,us,us
2021-01-20T16:00:41.678Z,49.7094,147.7173,587.69,5.6,mww,,25,4.301,0.73,us,us7000d1q5,2021-01-29T05:38:09.148Z,"Sea of Okhotsk",earthquake,9.1,4.1,0.068,21,reviewed,us,us
2021-01-20T14:59:44.538Z,26.5481,-110.9542,10,4.7,mb,,75,1.382,1.16,us,us7000d1nc,2021-01-22T15:03:03.147Z,"71 km NNE of Loreto, Mexico",earthquake,7.5,1.9,0.053,108,reviewed,us,us
2021-01-20T09:50:09.559Z,-6.5931,129.786,149.87,4.5,mb,,63,2.039,0.5,us,us7000d1lv,2021-01-20T11:03:54.040Z,"Banda Sea",earthquake,9.2,8.1,0.116,22,reviewed,us,us
2021-01-20T08:54:50.348Z,-4.7266,155.051,496.73,4.8,mb,,82,2.927,0.88,us,us7000d1lh,2021-01-20T09:12:43.040Z,"175 km NNW of Arawa, Papua New Guinea",earthquake,10.3,8.7,0.049,128,reviewed,us,us
2021-01-20T06:53:12.400Z,10.4901,125.5798,87.78,4.9,mb,,113,13.467,0.66,us,us7000d1k7,2021-01-20T07:36:14.040Z,"14 km N of Loreto, Philippines",earthquake,5.4,7.4,0.065,75,reviewed,us,us
2021-01-20T05:01:39.000Z,-17.6715,-178.7253,533.87,4.5,mb,,76,3.071,0.81,us,us7000d1jl,2021-01-20T06:17:49.040Z,"212 km ENE of Levuka, Fiji",earthquake,14.8,7.5,0.135,16,reviewed,us,us
2021-01-20T04:28:52.986Z,-5.9583,131.8161,10,4.8,mb,,86,2.075,0.85,us,us7000d1ji,2021-01-21T00:39:52.040Z,"109 km WSW of Tual, Indonesia",earthquake,7.7,1.8,0.111,25,reviewed,us,us
2021-01-20T01:38:42.850Z,-21.9975,169.9659,10,4.9,mb,,145,1.871,0.73,us,us7000d1iq,2021-01-31T02:18:58.040Z,"221 km ESE of Tadine, New Caledonia",earthquake,8,1.8,0.099,32,reviewed,us,us
2021-01-20T01:27:58.574Z,9.0674,125.6254,10,4.8,mb,,109,1.985,0.58,us,us7000d1im,2021-01-30T06:23:47.538Z,"1 km NNE of Balangbalang, Philippines",earthquake,9.6,1.9,0.074,56,reviewed,us,us
2021-01-19T20:18:18.756Z,-13.3551,166.8028,46.41,5.1,mww,,55,2.115,0.86,us,us7000d1gl,2021-01-20T16:57:37.040Z,"99 km NW of Sola, Vanuatu",earthquake,7.2,5.2,0.083,14,reviewed,us,us
2021-01-19T20:10:59.408Z,-8.8648,110.6088,91.26,4.8,mb,,104,0.95,0.83,us,us7000d1gf,2021-01-20T17:13:32.593Z,"104 km SSE of Pundong, Indonesia",earthquake,7.3,6.3,0.071,68,reviewed,us,us
2021-01-19T11:57:35.713Z,-21.1335,-178.5945,559.38,4.6,mb,,127,4.622,0.69,us,us7000d1d1,2021-01-19T12:19:46.040Z,"Fiji region",earthquake,11.4,4.4,0.088,39,reviewed,us,us
2021-01-19T10:47:58.691Z,-15.39,-173.4828,35,4.5,mb,,137,2.208,0.59,us,us7000d1cp,2021-01-19T11:19:50.040Z,"70 km NNE of Hihifo, Tonga",earthquake,11.4,2,0.151,13,reviewed,us,us
2021-01-19T09:24:32.348Z,-15.9485,-173.8272,164.21,4.8,mb,,90,2.831,1.09,us,us7000d1c8,2021-01-19T09:42:57.040Z,"3 km W of Hihifo, Tonga",earthquake,5.6,8.1,0.093,36,reviewed,us,us
2021-01-19T07:26:11.490Z,-1.9407,128.9342,33.31,4.7,mb,,93,3.117,0.79,us,us7000d1bg,2021-01-19T07:51:37.040Z,"154 km N of Amahai, Indonesia",earthquake,6.9,6.1,0.113,24,reviewed,us,us
2021-01-19T05:01:03.585Z,-7.3184,125.307,428.38,5.2,mb,,27,2.63,0.94,us,us7000d1a0,2021-01-19T05:18:01.040Z,"140 km NNW of Dili, Timor Leste",earthquake,9.4,7,0.054,112,reviewed,us,us
2021-01-19T04:01:41.176Z,-31.8379,-68.806,10,4.8,mb,,68,0.309,0.82,us,us7000d19e,2021-02-01T01:15:08.040Z,"27 km SW of Pocito, Argentina",earthquake,4.1,1.9,0.135,17,reviewed,us,us
2021-01-19T03:51:52.944Z,-31.8325,-68.8542,10,4.9,mb,,92,0.32,0.99,us,us7000d19c,2021-02-01T00:57:42.040Z,"30 km WSW of Pocito, Argentina",earthquake,3.4,1.8,0.106,28,reviewed,us,us
2021-01-19T03:37:44.722Z,-31.7882,-68.7944,10,5.3,mb,,37,0.259,0.7,us,us7000d194,2021-02-01T05:44:59.725Z,"23 km WSW of Pocito, Argentina",earthquake,4.7,1.8,0.05,133,reviewed,us,us
2021-01-19T03:31:46.752Z,-18.906,-174.7926,87.58,4.9,mb,,78,4.606,0.47,us,us7000d3qh,2021-01-29T05:27:58.040Z,"89 km WSW of Neiafu, Tonga",earthquake,11.3,2.2,0.117,23,reviewed,us,us
2021-01-19T03:08:30.204Z,-31.8572,-68.9023,10,4.8,mb,,93,0.362,0.73,us,us7000d18w,2021-02-01T01:27:30.040Z,"35 km WSW of Pocito, Argentina",earthquake,4,1.9,0.21,7,reviewed,us,us
2021-01-19T03:03:44.059Z,-31.8715,-68.8527,10,4.9,mb,,50,0.355,0.79,us,us7000d18u,2021-02-01T05:47:39.040Z,"32 km SW of Pocito, Argentina",earthquake,5,1.8,0.114,24,reviewed,us,us
2021-01-19T02:46:22.293Z,-31.8304,-68.8059,20,6.4,mww,,22,0.302,0.97,us,us7000d18q,2021-02-01T02:13:06.139Z,"26 km SW of Pocito, Argentina",earthquake,5.2,1.8,0.055,32,reviewed,us,us
2021-01-19T01:41:31.701Z,-17.2452,-72.3851,45.46,4.7,mb,,145,2.245,0.5,us,us7000d3r5,2021-01-28T04:51:27.040Z,"40 km SW of Islay (Matarani), Peru",earthquake,9.4,8.1,0.174,10,reviewed,us,us
2021-01-19T00:56:44.010Z,0.0016,120.0925,76.37,4.9,mb,,75,2.872,0.74,us,us7000d18h,2021-01-24T01:40:57.040Z,"103 km NNE of Palu, Indonesia",earthquake,7.7,7.6,0.079,50,reviewed,us,us
2021-01-18T20:47:32.350Z,38.9863,142.0383,59.99,4.7,mb,,116,1.95,0.4,us,us7000d177,2021-01-19T22:47:50.185Z,"29 km ESE of Ōfunato, Japan",earthquake,6.2,7.6,0.11,25,reviewed,us,us
2021-01-18T18:46:12.974Z,57.9818,126.3399,10,4.7,mb,,78,4.394,0.57,us,us7000d16b,2021-01-27T18:20:36.040Z,"75 km SE of Lebedinyy, Russia",earthquake,5.8,1.6,0.054,106,reviewed,us,us
2021-01-18T17:40:22.171Z,-33.5411,-179.1666,30.07,5.3,mb,,56,4.411,1.03,us,us7000d15q,2021-01-27T17:38:23.040Z,"south of the Kermadec Islands",earthquake,9.5,4.6,0.051,139,reviewed,us,us
2021-01-18T17:12:14.305Z,36.6601,141.8644,33.16,4.7,mb,,136,2.943,0.89,us,us7000d3pm,2021-01-27T18:39:19.040Z,"97 km ESE of Iwaki, Japan",earthquake,9,1.2,0.147,14,reviewed,us,us
2021-01-18T16:03:12.178Z,28.272,56.015,10,4.6,mb,,64,3.317,0.85,us,us7000d15c,2021-01-27T15:47:34.040Z,"southern Iran",earthquake,9.2,1.9,0.079,47,reviewed,us,us
2021-01-18T15:55:31.813Z,-15.474,-173.1907,10,4.9,mb,,64,2.068,0.9,us,us7000d3pi,2021-01-27T15:45:18.040Z,"83 km NE of Hihifo, Tonga",earthquake,8.8,1.8,0.067,71,reviewed,us,us
2021-01-18T14:56:46.608Z,-6.2649,142.9024,10,5.1,mb,,61,4.322,0.39,us,us7000d3pg,2021-01-27T15:05:39.040Z,"46 km S of Tari, Papua New Guinea",earthquake,9.8,1.8,0.082,50,reviewed,us,us
2021-01-18T14:21:03.429Z,-6.3698,142.7291,11.8,4.9,mb,,77,4.329,0.7,us,us7000d3pd,2021-01-27T14:31:06.040Z,"62 km SSW of Tari, Papua New Guinea",earthquake,8.8,4.4,0.106,30,reviewed,us,us
2021-01-18T11:43:54.736Z,7.3172,94.6789,124.7,4.7,mb,,59,3.064,0.87,us,us7000d12t,2021-01-18T12:31:59.040Z,"172 km NNW of Sabang, Indonesia",earthquake,7.8,5.2,0.069,66,reviewed,us,us
2021-01-18T07:17:16.179Z,-14.5819,167.3408,160.89,5.3,mww,,67,0.87,0.92,us,us7000d11r,2021-01-18T18:55:59.040Z,"58 km NNE of Port-Olry, Vanuatu",earthquake,9.4,5.1,0.058,29,reviewed,us,us
2021-01-18T05:45:57.156Z,-30.1319,-71.6088,33.35,4.9,mb,,143,0.385,0.67,us,us7000d11h,2021-01-19T03:33:12.831Z,"32 km SW of Coquimbo, Chile",earthquake,5.7,5.7,0.079,51,reviewed,us,us
2021-01-18T04:23:12.565Z,35.6339,26.2557,10,4.5,mb,,105,0.743,1.1,us,us7000d112,2021-01-28T03:49:19.025Z,"48 km N of Palekastro, Greece",earthquake,5.1,1.9,0.07,61,reviewed,us,us
2021-01-18T02:05:54.154Z,44.9559,147.857,104.8,4.8,mb,,81,3.855,0.74,us,us7000d10h,2021-01-28T03:33:59.040Z,"30 km S of Kuril’sk, Russia",earthquake,9.1,5.1,0.054,106,reviewed,us,us
2021-01-18T01:48:33.905Z,-32.4808,-69.5456,119.59,4.5,mb,,59,0.893,1.02,us,us7000d10a,2021-01-28T03:30:18.526Z,"Mendoza, Argentina",earthquake,5.4,6.2,0.118,21,reviewed,us,us
2021-01-18T01:17:20.467Z,48.9782,153.6254,163.27,4.5,mb,,107,4.868,0.52,us,us7000d105,2021-01-28T03:16:59.040Z,"260 km SW of Severo-Kuril’sk, Russia",earthquake,10.4,6.2,0.05,115,reviewed,us,us
2021-01-17T18:40:42.767Z,-56.3823,-27.1543,90.72,5.2,mww,,69,5.727,0.68,us,us7000d0y2,2021-01-18T19:46:48.426Z,"South Sandwich Islands region",earthquake,10.1,5.9,0.086,13,reviewed,us,us
2021-01-17T16:18:21.481Z,-21.1023,170.3438,158.06,4.5,mb,,115,2.189,0.85,us,us7000d0xn,2021-01-26T20:26:59.040Z,"205 km SSE of Isangel, Vanuatu",earthquake,10.8,5.9,0.113,23,reviewed,us,us
2021-01-17T14:41:23.764Z,-31.5102,-179.1813,207.55,4.5,mb,,137,2.503,0.65,us,us7000d3fn,2021-01-26T20:10:48.040Z,"Kermadec Islands region",earthquake,11.4,7.5,0.15,15,reviewed,us,us
2021-01-17T13:05:20.957Z,-18.0152,-178.5268,548.09,4.5,mb,,69,3.268,1,us,us7000d0wp,2021-01-26T17:39:13.040Z,"228 km E of Levuka, Fiji",earthquake,11.5,7.4,0.076,51,reviewed,us,us
2021-01-17T12:32:13.113Z,-31.8151,-71.5175,48.76,4.6,mb,,160,0.514,0.93,us,us7000d0w9,2021-01-31T07:14:07.323Z,"38 km WSW of Illapel, Chile",earthquake,6.1,7.1,0.152,13,reviewed,us,us
2021-01-17T12:24:32.588Z,-34.9539,-71.069,94.17,4.7,mwr,,58,0.286,0.7,us,us7000d0w6,2021-01-31T07:12:58.596Z,"Libertador General Bernardo O'Higgins, Chile",earthquake,3.7,3.8,0.061,26,reviewed,us,us
2021-01-17T08:31:53.204Z,54.027,161.9451,10,5.1,mww,,86,2.209,1.36,us,us7000d0tu,2021-01-18T18:11:05.026Z,"228 km ESE of Mil’kovo, Russia",earthquake,8.3,1.7,0.093,11,reviewed,us,us
2021-01-17T08:05:24.128Z,-27.9506,-66.9224,157.15,4.6,mb,,43,2.254,0.81,us,us7000d0tk,2021-01-17T08:22:36.040Z,"33 km SE of Londres, Argentina",earthquake,5.5,6.7,0.046,144,reviewed,us,us
2021-01-17T04:04:52.539Z,-31.2081,-177.7599,10,4.8,mb,,184,1.962,1.1,us,us7000d3fe,2021-01-27T00:48:48.040Z,"Kermadec Islands region",earthquake,11.8,1.9,0.185,10,reviewed,us,us
2021-01-17T03:38:55.547Z,-15.4291,168.1157,10,5,mww,,61,0.88,0.8,us,us7000d0sd,2021-01-18T17:22:10.040Z,"102 km E of Luganville, Vanuatu",earthquake,6.8,1.8,0.093,11,reviewed,us,us
2021-01-17T02:50:17.146Z,26.8766,55.1967,10,4.7,mb,,55,2.126,0.51,us,us7000d0rz,2021-01-17T03:11:38.040Z,"47 km NE of Bandar-e Lengeh, Iran",earthquake,7.6,1.9,0.067,67,reviewed,us,us
2021-01-17T02:07:08.142Z,-6.2356,152.8254,10,4.6,mb,,114,2.074,1.1,us,us7000d3fa,2021-01-27T00:19:47.040Z,"218 km SSE of Kokopo, Papua New Guinea",earthquake,4.1,1.9,0.165,13,reviewed,us,us
2021-01-17T01:11:54.334Z,36.6657,142.3557,26.96,4.5,mb,,150,3.338,0.53,us,us7000d0rd,2021-01-17T02:32:17.523Z,"138 km ESE of Iwaki, Japan",earthquake,10.1,6.6,0.15,13,reviewed,us,us
2021-01-16T23:52:43.446Z,-5.5027,150.9307,101.14,4.5,mb,,80,1.613,0.65,us,us7000d361,2021-01-30T05:22:45.040Z,"New Britain region, Papua New Guinea",earthquake,8.4,8.2,0.135,16,reviewed,us,us
2021-01-16T23:28:34.074Z,-57.5416,-26.023,74.69,4.9,mb,,55,6.726,0.49,us,us7000d0q5,2021-01-30T05:08:58.040Z,"South Sandwich Islands region",earthquake,9.7,5.9,0.106,28,reviewed,us,us
2021-01-16T23:10:58.951Z,22.5547,121.4203,18.09,5.1,mww,,31,0.409,0.65,us,us7000d0q4,2021-01-30T04:56:26.946Z,"92 km NE of Hengchun, Taiwan",earthquake,4.9,0.6,0.075,17,reviewed,us,us
2021-01-16T22:37:45.312Z,12.0214,125.0465,80.23,4.5,mb,,123,22.241,0.44,us,us7000d35z,2021-01-29T06:46:44.040Z,"4 km SE of San Jose de Buan, Philippines",earthquake,15.1,7.2,0.099,30,reviewed,us,us
2021-01-16T20:02:46.900Z,36.4494,70.6975,204,5.5,mww,,18,2.334,0.69,us,us7000d0pq,2021-01-29T04:51:42.124Z,"47 km SSW of Jurm, Afghanistan",earthquake,6.9,1.8,0.049,40,reviewed,us,us
2021-01-16T19:58:12.673Z,-6.0394,151.5368,10,4.5,mb,,161,1.788,0.73,us,us7000d363,2021-01-29T02:11:06.040Z,"164 km ESE of Kimbe, Papua New Guinea",earthquake,7,2,0.191,8,reviewed,us,us
2021-01-16T17:06:53.787Z,15.7704,-95.0556,34.25,4.6,mb,,140,2.852,0.79,us,us7000d0p2,2021-01-16T17:33:15.040Z,"47 km SSE of Salina Cruz, Mexico",earthquake,7,6.6,0.049,128,reviewed,us,us
2021-01-16T12:25:41.809Z,18.7013,145.2484,345.41,4.6,mb,,61,3.487,0.93,us,us7000d0n8,2021-01-16T12:52:34.040Z,"Pagan region, Northern Mariana Islands",earthquake,10.6,5.6,0.044,156,reviewed,us,us
2021-01-16T10:43:41.888Z,0.8816,-79.7011,34.94,4.5,mb,,148,1.404,1.07,us,us7000d0ms,2021-01-16T11:34:17.040Z,"10 km SSW of Esmeraldas, Ecuador",earthquake,8.4,7.9,0.101,29,reviewed,us,us
2021-01-16T09:42:14.525Z,-30.5313,-177.027,10,5.1,mb,,86,1.502,0.39,us,us7000d0mh,2021-01-16T10:03:18.040Z,"Kermadec Islands, New Zealand",earthquake,7.9,1.9,0.122,22,reviewed,us,us
2021-01-16T09:26:43.171Z,-6.3928,103.8897,33.44,5.2,mww,,43,2.222,0.59,us,us7000d0ma,2021-01-16T16:38:59.040Z,"185 km SW of Bandar Lampung, Indonesia",earthquake,6.6,4.2,0.065,23,reviewed,us,us
2021-01-16T08:08:36.282Z,39.5738,142.8803,52.62,4.6,mb,,151,1.846,0.39,us,us7000d0m1,2021-01-31T06:40:01.808Z,"80 km E of Yamada, Japan",earthquake,8.7,9.3,0.172,11,reviewed,us,us
2021-01-16T06:37:31.039Z,-5.7211,148.8569,130.17,5.1,mb,,44,3.628,0.9,us,us7000d0lh,2021-01-31T06:11:48.040Z,"93 km NW of Kandrian, Papua New Guinea",earthquake,7.9,7,0.081,49,reviewed,us,us
2021-01-16T06:36:32.035Z,-19.9684,-173.2456,3.36,5.1,mb,,74,3.253,0.68,us,us7000d0lu,2021-01-31T06:08:36.040Z,"117 km E of Pangai, Tonga",earthquake,7.5,2,0.094,39,reviewed,us,us
2021-01-16T05:18:04.207Z,4.9359,-82.5854,10,5.2,mww,,72,3.528,0.59,us,us7000d0kq,2021-01-31T05:44:12.040Z,"south of Panama",earthquake,6.9,1.8,0.051,37,reviewed,us,us
2021-01-16T03:53:36.174Z,-31.0355,-71.4708,62.2,5,mww,,56,0.387,1.02,us,us7000d0k5,2021-01-19T03:11:17.799Z,"54 km SSW of Ovalle, Chile",earthquake,3.7,4.7,0.058,29,reviewed,us,us
2021-01-16T02:21:34.534Z,-31.0961,-178.5172,95.71,4.6,mb,,102,1.913,0.54,us,us7000d356,2021-01-26T23:57:53.040Z,"Kermadec Islands region",earthquake,11.1,10.5,0.207,8,reviewed,us,us
2021-01-16T01:44:05.023Z,-9.9009,160.0814,10,5,mb,,77,0.477,1.24,us,us7000d355,2021-01-26T23:07:21.040Z,"45 km ESE of Malango, Solomon Islands",earthquake,5.2,1.8,0.115,25,reviewed,us,us
2021-01-15T23:51:14.274Z,-12.8249,-77.1256,35.45,4.6,mb,,141,0.877,0.94,us,us7000d0iv,2021-01-24T01:20:29.228Z,"53 km SW of Chilca, Peru",earthquake,3.2,6.9,0.066,69,reviewed,us,us
2021-01-15T23:34:45.828Z,-37.2452,-17.1989,10,4.6,mb,,71,3.905,0.73,us,us7000d2gc,2021-01-24T01:45:17.040Z,"southern Mid-Atlantic Ridge",earthquake,12,1.9,0.136,16,reviewed,us,us
2021-01-15T23:32:52.269Z,-2.9335,118.9545,10,4.9,mb,,65,2.214,0.63,us,us7000d0im,2021-01-24T01:14:42.040Z,"28 km SSE of Mamuju, Indonesia",earthquake,5.8,1,0.084,44,reviewed,us,us
2021-01-15T23:00:02.626Z,1.5062,125.9334,95.65,5,mb,,36,1.608,0.93,us,us7000d0ig,2021-01-25T22:19:12.364Z,"106 km E of Laikit, Laikit II (Dimembe), Indonesia",earthquake,7.2,3.2,0.062,83,reviewed,us,us
2021-01-15T22:48:55.846Z,13.826,120.7291,160.96,4.6,mb,,86,8.949,0.87,us,us7000d0ib,2021-01-25T22:26:49.040Z,"3 km SE of Hukay, Philippines",earthquake,4.6,6.5,0.077,50,reviewed,us,us
2021-01-15T21:32:57.663Z,14.0217,-92.0396,35,4.9,mb,,139,0.601,1.17,us,us7000d0gm,2021-01-24T01:53:50.886Z,"33 km SSW of Champerico, Guatemala",earthquake,6.8,1.9,0.027,426,reviewed,us,us
2021-01-15T21:31:04.610Z,26.9258,55.1859,8,5.5,mww,,35,2.175,1.07,us,us7000d0gn,2021-01-16T21:35:27.727Z,"50 km NE of Bandar-e Lengeh, Iran",earthquake,6.9,1.8,0.06,27,reviewed,us,us
2021-01-15T20:37:55.823Z,-23.9805,-67.3575,207.77,4.7,mb,,89,1.271,1.32,us,us7000d0fz,2021-01-15T22:53:23.040Z,"108 km WNW of San Antonio de los Cobres, Argentina",earthquake,8,4.8,0.165,12,reviewed,us,us
2021-01-15T20:18:19.668Z,-7.0012,155.8696,10,5.1,mb,,43,4.625,0.88,us,us7000d0ft,2021-01-16T18:32:04.040Z,"86 km SSE of Panguna, Papua New Guinea",earthquake,8.5,1.8,0.056,106,reviewed,us,us
2021-01-15T19:21:16.851Z,1.0328,-79.7623,36.61,4.8,mb,,118,1.53,0.81,us,us7000d0fd,2021-01-15T20:11:37.040Z,"14 km NW of Esmeraldas, Ecuador",earthquake,5.6,7.1,0.059,95,reviewed,us,us
2021-01-15T17:32:54.744Z,56.0532,164.6117,10,4.7,mb,,91,4.611,0.7,us,us7000d0el,2021-01-15T18:07:20.040Z,"134 km E of Ust’-Kamchatsk Staryy, Russia",earthquake,7.9,1.9,0.058,94,reviewed,us,us
2021-01-15T17:09:08.010Z,12.9605,-88.7499,73.35,4.5,mb,,110,1.69,0.89,us,us7000d0e6,2021-01-15T20:28:23.811Z,"off the coast of Central America",earthquake,6.1,8.4,0.043,166,reviewed,us,us
2021-01-15T16:10:51.357Z,13.9032,-92.0934,10,5.9,mww,,152,0.728,1.33,us,us7000d0d0,2021-01-29T17:18:49.076Z,"47 km SSW of Champerico, Guatemala",earthquake,5.9,1.9,0.073,18,reviewed,us,us
2021-01-15T15:52:50.376Z,-3.5275,149.601,10,5.1,mww,,84,2.64,1.31,us,us7000d0cr,2021-01-15T16:11:33.040Z,"169 km SW of Kavieng, Papua New Guinea",earthquake,8.9,1.8,0.093,11,reviewed,us,us
2021-01-15T15:13:50.171Z,-3.8084,-80.8455,52.21,4.6,mb,,59,2.071,1,us,us7000d0c8,2021-01-24T15:51:55.040Z,"23 km SW of Zorritos, Peru",earthquake,3.5,6.9,0.098,31,reviewed,us,us
2021-01-15T13:38:19.258Z,33.9058,137.2138,357.09,5.2,mww,,36,1.112,0.64,us,us7000d0bx,2021-01-16T08:26:37.682Z,"72 km SSE of Toba, Japan",earthquake,7.7,5.7,0.078,16,reviewed,us,us
2021-01-15T13:19:11.516Z,-37.1067,-17.0878,10,5.2,mb,,80,31.357,0.58,us,us7000d0bw,2021-01-15T13:35:48.040Z,"southern Mid-Atlantic Ridge",earthquake,13.1,1.9,0.089,41,reviewed,us,us
2021-01-15T11:28:26.418Z,2.0469,96.3723,10,4.7,mb,,139,1.411,0.72,us,us7000d0aj,2021-01-15T12:05:24.318Z,"47 km S of Sinabang, Indonesia",earthquake,7.7,1.9,0.117,22,reviewed,us,us
2021-01-15T10:45:21.903Z,-37.1801,-17.2577,10,5.4,mww,,67,31.489,0.67,us,us7000d0ae,2021-01-16T10:49:02.032Z,"southern Mid-Atlantic Ridge",earthquake,6.2,1.8,0.089,12,reviewed,us,us
2021-01-15T10:35:17.061Z,1.0705,-79.733,35,4.7,mb,,143,1.525,0.56,us,us7000d0ab,2021-01-15T15:37:14.258Z,"15 km NW of Esmeraldas, Ecuador",earthquake,6.9,2,0.036,242,reviewed,us,us
2021-01-15T08:40:06.403Z,42.4632,143.2444,62.59,4.8,mb,,133,0.452,0.65,us,us7000d09q,2021-01-31T05:39:45.040Z,"50 km S of Obihiro, Japan",earthquake,3,7.4,0.086,42,reviewed,us,us
2021-01-15T08:21:13.562Z,2.7388,128.6703,222.4,4.8,mb,,91,2.348,0.69,us,us7000d08x,2021-01-31T05:36:24.040Z,"133 km NNE of Tobelo, Indonesia",earthquake,8.3,5.2,0.072,60,reviewed,us,us
2021-01-15T08:14:29.512Z,-37.6109,-17.0402,10,4.5,mb,,92,23.767,1.01,us,us7000d2gi,2021-01-31T05:34:47.040Z,"southern Mid-Atlantic Ridge",earthquake,13.6,1.9,0.124,19,reviewed,us,us
2021-01-15T07:52:23.170Z,-37.2583,-17.3095,10,5,mb,,83,3.993,0.7,us,us7000d08p,2021-01-31T05:30:40.040Z,"southern Mid-Atlantic Ridge",earthquake,11.5,1.9,0.08,49,reviewed,us,us
2021-01-15T07:36:25.889Z,-34.6446,-14.7096,10,5,mb,,66,3.103,0.84,us,us7000d08v,2021-01-31T05:29:00.040Z,"Tristan da Cunha region",earthquake,10.8,1.9,0.095,36,reviewed,us,us
2021-01-15T07:03:12.515Z,-38.1723,-17.0859,10,4.6,mb,,92,3.944,0.73,us,us7000d2fg,2021-01-31T05:27:49.040Z,"southern Mid-Atlantic Ridge",earthquake,13.3,1.9,0.107,26,reviewed,us,us
2021-01-15T02:50:54.155Z,-0.0003,127.2743,139.53,4.7,mb,,117,0.772,0.89,us,us7000d06u,2021-01-15T03:11:36.040Z,"87 km SSW of Sofifi, Indonesia",earthquake,6.7,5.2,0.115,23,reviewed,us,us
2021-01-15T00:47:20.191Z,-16.2295,-177.5752,10,4.6,mb,,112,1.982,1.19,us,us7000d2fb,2021-01-23T22:50:29.040Z,"219 km SSE of Alo, Wallis and Futuna",earthquake,6.4,1.9,0.129,18,reviewed,us,us
2021-01-15T00:40:48.602Z,-14.0512,171.1628,625.83,4.5,mb,,117,4.074,0.76,us,us7000d2fa,2021-01-23T22:41:58.040Z,"Vanuatu region",earthquake,14.3,9.5,0.242,5,reviewed,us,us
2021-01-14T18:28:18.081Z,-2.9711,118.8893,18,6.2,mww,,28,2.204,1.12,us,us7000d030,2021-01-26T21:18:07.234Z,"32 km S of Mamuju, Indonesia",earthquake,5.5,1,0.066,22,reviewed,us,us
2021-01-14T16:50:59.885Z,1.3107,96.9865,28.43,4.6,mb,,155,0.588,0.78,us,us7000d02l,2021-01-14T19:26:38.040Z,"140 km SW of Singkil, Indonesia",earthquake,7.4,5.1,0.075,61,reviewed,us,us
2021-01-14T16:28:10.949Z,25.4036,124.332,119.55,4.7,mwr,,78,1.518,0.86,us,us7000d02g,2021-01-14T17:01:13.040Z,"118 km NW of Hirara, Japan",earthquake,7.5,5.6,0.068,21,reviewed,us,us
2021-01-14T15:45:03.924Z,-44.6454,-80.1251,10,4.7,mb,,202,4.914,1.13,us,us7000d028,2021-01-14T16:20:28.040Z,"Off the coast of Aisen, Chile",earthquake,11,2,0.13,18,reviewed,us,us
2021-01-14T15:03:38.993Z,-23.9681,179.2231,550.88,4.6,mb,,126,6.288,0.83,us,us7000d024,2021-01-14T15:29:08.040Z,"south of the Fiji Islands",earthquake,13.7,6.6,0.062,81,reviewed,us,us
2021-01-14T14:45:11.461Z,10.6076,-62.7629,110.14,4.6,mb,,130,4.39,0.9,us,us7000d2e5,2021-01-24T14:57:42.040Z,"50 km W of Güiria, Venezuela",earthquake,9.3,6.2,0.068,64,reviewed,us,us
2021-01-14T06:35:49.966Z,-2.9736,118.8975,18,5.7,mww,,22,2.198,0.87,us,us6000d882,2021-01-28T11:56:31.848Z,"32 km S of Mamuju, Indonesia",earthquake,4.9,1.7,0.053,34,reviewed,us,us
2021-01-14T05:13:50.496Z,51.4861,-174.0844,37.26,4.9,mb,,76,0.72,0.68,us,us6000d87l,2021-01-27T09:49:55.980Z,"79 km S of Atka, Alaska",earthquake,7.9,7.4,0.038,222,reviewed,us,us
2021-01-14T00:03:21.692Z,-8.1454,120.3733,28.53,4.6,mb,,71,1.907,0.63,us,us7000d2ds,2021-01-24T03:27:27.040Z,"52 km N of Ruteng, Indonesia",earthquake,6.9,6.1,0.128,18,reviewed,us,us
2021-01-13T23:49:56.706Z,15.2698,-45.5897,10,4.5,mb,,129,12.249,0.29,us,us7000d259,2021-01-24T03:34:59.040Z,"northern Mid-Atlantic Ridge",earthquake,7.8,1.9,0.157,12,reviewed,us,us
2021-01-13T21:43:02.128Z,-24.5653,-13.3961,10,5,mb,,72,27.99,0.63,us,us7000d251,2021-01-23T06:18:44.040Z,"southern Mid-Atlantic Ridge",earthquake,12,1.9,0.084,46,reviewed,us,us
2021-01-13T17:33:03.784Z,1.5929,128.1924,10,5.2,mb,,54,1.16,1.08,us,us6000d82a,2021-01-21T22:40:06.214Z,"25 km SE of Tobelo, Indonesia",earthquake,5.9,1.6,0.066,77,reviewed,us,us
2021-01-13T16:02:35.715Z,-6.0903,149.4174,51.7,4.9,mb,,43,3.144,1.02,us,us6000d81y,2021-01-22T04:34:15.040Z,"19 km NW of Kandrian, Papua New Guinea",earthquake,6.4,5.3,0.072,60,reviewed,us,us
2021-01-13T15:46:25.828Z,-7.1702,129.3867,139.02,4.5,mb,,69,2.06,1.13,us,us6000d81p,2021-01-22T04:22:21.040Z,"Kepulauan Babar, Indonesia",earthquake,7.6,7.7,0.094,33,reviewed,us,us
2021-01-13T11:10:10.500Z,51.5674,100.2854,10,4.9,mb,,41,2.096,0.55,us,us6000d801,2021-01-13T11:32:40.040Z,"27 km WNW of Turt, Mongolia",earthquake,7.6,1.8,0.05,128,reviewed,us,us
2021-01-13T09:40:22.672Z,38.4063,22.048,10,4.5,mb,,40,0.653,0.78,us,us6000d7zn,2021-01-13T14:16:14.040Z,"12 km NNE of Kamárai, Greece",earthquake,6.3,1.9,0.093,34,reviewed,us,us
2021-01-13T06:27:15.662Z,-23.6968,-64.6913,35.69,4.6,mb,,85,3.29,1.02,us,us6000d7xt,2021-01-13T09:04:06.040Z,"11 km WNW of Caimancito, Argentina",earthquake,7.9,12.1,0.224,6,reviewed,us,us
2021-01-13T06:18:23.183Z,-4.2606,102.0868,43.12,4.6,mb,,108,0.872,0.41,us,us6000d7z0,2021-01-13T07:43:52.040Z,"54 km SSW of Bengkulu, Indonesia",earthquake,8.8,9.4,0.126,19,reviewed,us,us
2021-01-13T01:39:29.096Z,19.4477,145.353,195.51,4.6,mb,,100,4.211,0.53,us,us6000d7ws,2021-01-22T05:48:37.040Z,"Maug Islands region, Northern Mariana Islands",earthquake,9.7,7.4,0.058,88,reviewed,us,us
2021-01-13T01:11:23.039Z,2.5119,-79.8007,10,4.7,mb,,62,2.631,0.75,us,us6000d7wm,2021-01-22T04:47:55.040Z,"137 km WNW of Salahonda, Colombia",earthquake,2.3,1.9,0.063,76,reviewed,us,us
2021-01-12T22:56:48.046Z,38.3646,22.118,10,4.7,mwr,,37,0.677,1.2,us,us6000d7w3,2021-01-22T03:48:08.750Z,"12 km NNE of Rododáfni, Greece",earthquake,4.9,1.8,0.048,41,reviewed,us,us
2021-01-12T22:32:57.672Z,38.3987,22.0833,10,4.5,mb,,43,0.652,0.8,us,us7000d229,2021-01-22T03:42:24.040Z,"13 km NNE of Kamárai, Greece",earthquake,3.3,1.9,0.086,39,reviewed,us,us
2021-01-12T22:29:39.030Z,38.4147,22.0612,10,4.6,mwr,,36,0.642,0.83,us,us6000d7vx,2021-01-22T03:18:47.570Z,"13 km NNE of Kamárai, Greece",earthquake,6.1,1.9,0.06,27,reviewed,us,us
2021-01-12T22:09:57.263Z,38.4129,22.0649,10,5.2,mww,,29,0.643,0.92,us,us6000d7vr,2021-01-21T23:30:11.305Z,"13 km NNE of Kamárai, Greece",earthquake,5.9,1.8,0.059,28,reviewed,us,us
2021-01-12T21:50:14.023Z,-60.5139,-44.5157,10,4.6,mb,,71,0.249,0.83,us,us7000d228,2021-01-21T23:14:22.040Z,"Scotia Sea",earthquake,7.2,1.9,0.173,10,reviewed,us,us
2021-01-12T21:02:23.402Z,-20.7869,-178.4111,565.43,4.5,mb,,101,4.506,1.27,us,us6000d7v5,2021-01-21T22:48:36.040Z,"Fiji region",earthquake,12.1,6.6,0.056,95,reviewed,us,us
2021-01-12T18:17:36.587Z,-3.0668,136.8556,27.59,5.9,mww,,14,7.377,0.73,us,us6000d7tq,2021-01-13T18:21:35.763Z,"154 km ENE of Nabire, Indonesia",earthquake,7.9,3.6,0.063,24,reviewed,us,us
2021-01-12T16:31:16.251Z,51.4143,100.1476,10,4.5,mb,,51,2.199,0.49,us,us6000d7tb,2021-01-24T19:07:47.040Z,"37 km WSW of Turt, Mongolia",earthquake,6.5,1.2,0.093,34,reviewed,us,us
2021-01-12T15:21:58.480Z,-7.3986,129.0868,149.3,4.6,mb,,86,2.267,1.05,us,us7000d223,2021-01-24T18:13:58.040Z,"261 km ENE of Lospalos, Timor Leste",earthquake,10.8,6.2,0.273,5,reviewed,us,us
2021-01-12T13:38:13.315Z,19.0221,120.3133,10,5,mww,,105,1.468,0.46,us,us6000d7r3,2021-01-24T17:20:58.689Z,"66 km NNW of Davila, Philippines",earthquake,5.6,1.8,0.08,15,reviewed,us,us
2021-01-12T11:51:31.191Z,2.2437,128.5884,229.99,4.6,mb,,115,1.905,0.57,us,us6000d7qj,2021-01-12T12:07:58.040Z,"85 km NE of Tobelo, Indonesia",earthquake,9.3,6.6,0.107,26,reviewed,us,us
2021-01-12T11:04:36.422Z,-21.7198,-68.7162,114.54,4.9,mb,,40,0.494,1.02,us,us6000d7pn,2021-01-12T15:47:36.024Z,"84 km NNE of Calama, Chile",earthquake,5.8,4.7,0.049,130,reviewed,us,us
2021-01-12T10:23:15.681Z,-2.8801,141.8801,25.34,4.5,mb,,66,5.543,0.59,us,us6000d7pg,2021-01-12T11:36:45.040Z,"59 km WNW of Aitape, Papua New Guinea",earthquake,12.6,6.5,0.113,23,reviewed,us,us
2021-01-12T10:11:55.759Z,4.1613,125.4029,46.18,5.2,mb,,108,2.894,0.76,us,us6000d7pb,2021-01-12T10:31:11.040Z,"137 km S of Sarangani, Philippines",earthquake,8.2,7,0.068,72,reviewed,us,us
2021-01-12T10:06:36.543Z,-63.1933,171.9083,10,5.4,mww,,86,10.975,1.14,us,us6000d7p9,2021-01-13T10:11:02.804Z,"Balleny Islands region",earthquake,8.4,1.9,0.089,12,reviewed,us,us
2021-01-12T09:46:44.326Z,7.5564,-34.6938,10,4.5,mb,,107,13.129,1.01,us,us7000d21t,2021-01-31T12:04:17.040Z,"central Mid-Atlantic Ridge",earthquake,9.1,1.9,0.145,14,reviewed,us,us
2021-01-12T09:08:45.504Z,51.1047,100.3621,10,4.7,mb,,43,2.135,0.72,us,us6000d7nt,2021-01-13T02:31:08.516Z,"49 km SSW of Turt, Mongolia",earthquake,4.7,1.8,0.096,33,reviewed,us,us
2021-01-12T06:10:55.047Z,14.8021,-93.6388,29.98,4.9,mwr,,148,1.901,0.63,us,us6000d7n9,2021-01-12T06:53:23.040Z,"87 km SW of La Esperanza (El Zapotal), Mexico",earthquake,8.2,6,0.098,10,reviewed,us,us
2021-01-12T03:46:37.810Z,-4.0032,127.702,192.42,4.5,mb,,54,4.729,0.8,us,us6000d7mw,2021-01-27T05:28:35.040Z,"63 km WSW of Ambon, Indonesia",earthquake,7.5,5.4,0.109,25,reviewed,us,us
2021-01-12T02:39:43.440Z,43.708,139.9783,214,5.9,mww,,22,1.933,0.73,us,us6000d7ml,2021-01-27T05:48:53.978Z,"85 km NW of Yoichi, Japan",earthquake,4.6,1.9,0.065,23,reviewed,us,us
2021-01-12T01:49:54.765Z,51.5301,100.1421,10,4.6,mb,,64,2.188,0.78,us,us6000d7mh,2021-01-27T04:57:03.040Z,"36 km W of Turt, Mongolia",earthquake,7.8,1.8,0.061,81,reviewed,us,us
2021-01-12T01:37:57.343Z,51.2485,100.2144,10,4.6,mb,,94,2.188,0.45,us,us7000d218,2021-01-26T05:16:48.040Z,"42 km SW of Turt, Mongolia",earthquake,5.9,1.9,0.129,18,reviewed,us,us
2021-01-12T00:36:11.586Z,51.2279,100.2963,10,4.8,mb,,46,2.142,1,us,us6000d7l3,2021-01-23T04:55:10.795Z,"40 km SW of Turt, Mongolia",earthquake,8.4,1.8,0.066,71,reviewed,us,us
2021-01-12T00:34:05.621Z,51.3627,100.1567,10,4.5,mb,,69,2.201,0.46,us,us6000d7le,2021-01-23T04:57:43.040Z,"38 km WSW of Turt, Mongolia",earthquake,7.9,1.9,0.118,21,reviewed,us,us
2021-01-12T00:23:18.555Z,-53.3414,-47.1141,10,4.6,mb,,177,6.365,0.51,us,us7000d216,2021-01-23T04:16:28.040Z,"South Atlantic Ocean",earthquake,14.3,2,0.136,16,reviewed,us,us
2021-01-11T23:30:16.441Z,44.0738,149.5818,10,4.5,mb,,188,5.034,0.67,us,us7000d1r5,2021-01-23T03:22:03.040Z,"186 km SE of Kuril’sk, Russia",earthquake,13.9,2,0.15,13,reviewed,us,us
2021-01-11T23:02:23.738Z,51.4379,100.3097,10,5,mb,,41,2.095,1.1,us,us6000d7kd,2021-01-23T04:47:06.174Z,"Russia-Mongolia border region",earthquake,2,1.8,0.04,201,reviewed,us,us
2021-01-11T22:36:07.416Z,-21.8638,170.8857,138.35,4.8,mb,,75,2.683,0.69,us,us6000d7k5,2021-01-21T05:56:37.040Z,"southeast of the Loyalty Islands",earthquake,9.2,6.9,0.097,33,reviewed,us,us
2021-01-11T22:22:43.394Z,51.3125,100.2729,10,4.5,mb,,68,2.139,1.17,us,us6000d7k4,2021-01-21T05:33:35.040Z,"34 km SW of Turt, Mongolia",earthquake,8.7,1.9,0.1,29,reviewed,us,us
2021-01-11T22:19:12.304Z,51.4758,100.424,10,4.6,mb,,99,2.019,0.86,us,us7000d1rc,2021-01-21T05:21:35.040Z,"16 km WSW of Turt, Mongolia",earthquake,9.3,1.9,0.119,21,reviewed,us,us
2021-01-11T22:10:29.324Z,51.2628,100.2528,10,4.7,mb,,55,2.161,0.79,us,us7000d1qz,2021-01-21T05:16:37.040Z,"39 km SW of Turt, Mongolia",earthquake,9.2,1.9,0.093,35,reviewed,us,us
2021-01-11T22:02:56.759Z,51.1805,100.311,10,5,mb,,54,2.145,0.83,us,us6000d7jt,2021-01-21T05:03:27.642Z,"43 km SW of Turt, Mongolia",earthquake,6.9,1.8,0.055,105,reviewed,us,us
2021-01-11T21:56:52.479Z,51.4437,100.3282,10,4.5,mb,,48,2.083,0.51,us,us7000d1ra,2021-01-21T04:53:48.040Z,"24 km WSW of Turt, Mongolia",earthquake,4.9,1.8,0.118,21,reviewed,us,us
2021-01-11T21:53:00.126Z,51.4144,100.4297,10,5.1,mb,,50,2.024,1.01,us,us6000d7jp,2021-01-21T04:49:05.040Z,"19 km WSW of Turt, Mongolia",earthquake,9.1,1.8,0.074,59,reviewed,us,us
2021-01-11T21:52:25.676Z,51.2861,100.3546,10,4.5,mb,,69,2.094,0.76,us,us7000d1rb,2021-01-21T04:46:42.040Z,"32 km SW of Turt, Mongolia",earthquake,7.9,1.7,0.171,10,reviewed,us,us
2021-01-11T21:44:04.455Z,51.4076,100.4925,10,5.7,mb,,84,1.986,0.85,us,us7000d1ri,2021-01-21T04:36:08.677Z,"16 km SW of Turt, Mongolia",earthquake,9.6,1.9,0.15,16,reviewed,us,us
2021-01-11T21:41:04.489Z,51.4852,100.5121,10,5.8,mb,,66,1.963,0.97,us,us7000d1qx,2021-01-21T04:24:26.040Z,"Russia-Mongolia border region",earthquake,11.8,1.9,0.116,27,reviewed,us,us
2021-01-11T21:32:59.020Z,51.2774,100.437,10,6.7,mww,,22,2.045,0.75,us,us6000d7ix,2021-01-24T04:35:19.831Z,"30 km SSW of Turt, Mongolia",earthquake,7,1.7,0.039,62,reviewed,us,us
2021-01-11T21:30:38.609Z,-15.6927,168.0112,150.89,4.6,mb,,119,0.816,0.96,us,us6000d7iw,2021-01-21T04:07:20.040Z,"77 km ENE of Norsup, Vanuatu",earthquake,11.2,7.6,0.126,19,reviewed,us,us
2021-01-11T19:44:36.185Z,-58.05,-9.8432,10,5.5,mww,,73,13.98,0.74,us,us6000d7hn,2021-01-20T18:34:51.341Z,"east of the South Sandwich Islands",earthquake,11.1,1.8,0.093,11,reviewed,us,us
2021-01-11T19:16:30.997Z,-16.4072,178.0071,10,4.6,mb,,133,1.33,0.66,us,us7000d1qn,2021-01-20T18:15:28.040Z,"129 km NNE of Ba, Fiji",earthquake,5,1.9,0.181,9,reviewed,us,us
2021-01-11T17:01:39.298Z,-17.0163,-174.0376,147.91,4.6,mb,,62,3.778,1.13,us,us6000d7gy,2021-01-20T17:42:04.040Z,"120 km SSW of Hihifo, Tonga",earthquake,7.7,4.5,0.046,138,reviewed,us,us
2021-01-11T14:57:56.117Z,-24.8174,-179.8959,512.12,4.6,mb,,159,7.292,0.34,us,us7000d1ql,2021-01-20T19:18:11.040Z,"south of the Fiji Islands",earthquake,14.3,11.1,0.165,12,reviewed,us,us
2021-01-11T14:53:05.764Z,4.8251,126.9722,65.3,4.5,mb,,81,2.625,0.59,us,us7000d1qr,2021-01-20T18:19:09.040Z,"179 km ESE of Sarangani, Philippines",earthquake,9,8.2,0.096,32,reviewed,us,us
2021-01-11T14:02:03.048Z,33.3042,75.5872,10,5.1,mb,,66,1.968,0.47,us,us6000d7f5,2021-01-20T17:30:30.987Z,"16 km W of Kishtwār, India",earthquake,6.2,1.5,0.051,127,reviewed,us,us
2021-01-11T13:23:25.743Z,15.3036,-45.0994,10,4.5,mb,,58,21.219,1.35,us,us7000d1qg,2021-01-20T16:45:02.040Z,"northern Mid-Atlantic Ridge",earthquake,9.8,1.9,0.102,28,reviewed,us,us
2021-01-11T12:56:43.538Z,52.7768,158.7348,77.09,4.6,mb,,134,0.252,0.62,us,us6000d7ey,2021-01-11T14:22:07.040Z,"28 km SE of Vilyuchinsk, Russia",earthquake,8.7,5.2,0.056,95,reviewed,us,us
2021-01-11T12:47:01.612Z,38.8782,-29.3397,10,5.4,mww,,69,3.2,0.56,us,us6000d7ew,2021-01-12T12:52:06.608Z,"67 km NW of Castelo Branco, Portugal",earthquake,10,1.8,0.057,30,reviewed,us,us
2021-01-11T12:40:45.529Z,-5.2252,151.4602,72.77,4.5,mb,,62,1.243,0.5,us,us6000d7eu,2021-01-11T15:28:22.040Z,"132 km SW of Kokopo, Papua New Guinea",earthquake,6.4,7.1,0.094,34,reviewed,us,us
2021-01-11T10:51:16.500Z,-20.4042,-177.6584,470.88,4.8,mb,,105,4.842,0.73,us,us6000d7eh,2021-01-11T11:18:34.040Z,"267 km WNW of Haveluloto, Tonga",earthquake,13.1,1.8,0.079,50,reviewed,us,us
2021-01-11T07:19:05.061Z,53.721,-163.9963,36,5.1,mww,,158,1.129,1.27,us,us6000d7dg,2021-01-30T07:29:15.340Z,"125 km ESE of Akutan, Alaska",earthquake,6.3,6.3,0.073,18,reviewed,us,us
2021-01-11T06:05:51.953Z,-3.6357,-74.7061,47.26,4.5,mb,,104,4.528,0.94,us,us6000d7db,2021-01-29T11:52:04.040Z,"157 km NW of Nauta, Peru",earthquake,8.7,6.4,0.059,84,reviewed,us,us
2021-01-11T05:09:02.344Z,-37.1253,-16.9113,10,4.8,mb,,89,3.675,1.11,us,us7000d1q7,2021-01-31T07:28:15.040Z,"southern Mid-Atlantic Ridge",earthquake,5.2,1.9,0.109,26,reviewed,us,us
2021-01-11T04:45:42.638Z,-63.1803,170.7433,10,5.3,mwb,,34,14.682,0.75,us,us6000d7d3,2021-01-21T03:55:59.471Z,"Balleny Islands region",earthquake,11.7,1.8,0.127,6,reviewed,us,us
2021-01-11T04:00:11.448Z,-12.6409,-78.1524,10,4.7,mb,,179,1.435,0.72,us,us6000d7ct,2021-01-21T03:43:20.755Z,"129 km WSW of Callao, Peru",earthquake,5.8,1.9,0.102,29,reviewed,us,us
2021-01-11T01:57:27.321Z,1.0276,119.9894,9.85,5.2,mww,,48,0.796,0.7,us,us6000d7cd,2021-01-21T03:31:45.369Z,"214 km N of Palu, Indonesia",earthquake,5.1,3.7,0.071,19,reviewed,us,us
2021-01-11T01:54:58.198Z,-37.1107,-17.3239,10,4.9,mb,,91,35.155,0.77,us,us7000d1q8,2021-01-21T03:27:49.040Z,"southern Mid-Atlantic Ridge",earthquake,13.5,1.1,0.117,23,reviewed,us,us
2021-01-11T01:38:46.798Z,-7.2598,120.6954,618.65,4.9,mb,,45,2.05,1.08,us,us6000d7c6,2021-01-21T03:17:08.040Z,"151 km N of Ruteng, Indonesia",earthquake,9.3,5.8,0.065,73,reviewed,us,us
2021-01-11T01:20:38.366Z,-7.2551,120.4352,615.73,5.6,mww,,21,2.251,1.09,us,us6000d7c5,2021-01-21T03:11:14.134Z,"149 km NNE of Labuan Bajo, Indonesia",earthquake,8.9,3.3,0.052,35,reviewed,us,us
2021-01-11T00:24:36.751Z,25.7083,124.4349,149.62,4.9,mww,,76,1.787,0.86,us,us6000d7by,2021-01-25T21:51:22.040Z,"132 km NW of Hirara, Japan",earthquake,7.3,3.5,0.083,14,reviewed,us,us
2021-01-10T22:40:18.830Z,-8.2757,116.22,34.95,4.7,mb,,46,2.055,0.89,us,us6000d7bh,2021-01-25T04:59:23.040Z,"17 km ENE of Gili Air, Indonesia",earthquake,6.3,4.9,0.129,18,reviewed,us,us
2021-01-10T22:11:08.106Z,-22.4888,-68.4786,105.08,4.8,mwr,,32,0.537,0.94,us,us6000d7ba,2021-01-25T04:44:11.040Z,"45 km E of Calama, Chile",earthquake,5.7,4.2,0.056,31,reviewed,us,us
2021-01-10T21:28:37.847Z,-55.9007,-27.1789,54.84,5,mb,,57,5.586,0.88,us,us7000d1ew,2021-01-25T03:32:14.040Z,"South Sandwich Islands region",earthquake,10.3,6.1,0.08,49,reviewed,us,us
2021-01-10T20:42:17.175Z,-24.1095,-66.7737,203.24,4.7,mwr,,84,1.729,0.74,us,us6000d7al,2021-01-10T21:00:51.040Z,"47 km WNW of San Antonio de los Cobres, Argentina",earthquake,4.4,8.8,,,reviewed,us,guc
2021-01-10T19:53:02.331Z,40.1152,33.2719,10,4.5,mb,,38,0.442,1.21,us,us6000d7ac,2021-01-18T10:20:45.035Z,"11 km W of Kalecik, Turkey",earthquake,4.4,1.9,0.191,8,reviewed,us,us
2021-01-10T15:44:48.204Z,-35.4114,-105.8649,10,5.6,mww,,76,8.772,0.66,us,us6000d78y,2021-01-19T18:00:02.920Z,"southern East Pacific Rise",earthquake,11,1.8,0.065,23,reviewed,us,us
2021-01-10T15:29:25.525Z,-25.0252,179.8068,502.08,4.6,mb,,43,4.662,0.76,us,us6000d78v,2021-01-19T17:49:52.040Z,"south of the Fiji Islands",earthquake,5.1,6.5,0.041,182,reviewed,us,us
2021-01-10T15:14:42.573Z,36.5003,70.8826,178.51,4.5,mb,,35,2.464,0.52,us,us6000d78u,2021-01-19T17:42:03.040Z,"40 km S of Jurm, Afghanistan",earthquake,8,5.8,0.06,82,reviewed,us,us
2021-01-10T11:49:42.614Z,-5.1505,153.4578,53.19,5,mb,,98,1.603,0.81,us,us6000d78b,2021-01-27T08:29:19.040Z,"159 km SE of Kokopo, Papua New Guinea",earthquake,6.7,7.3,0.083,46,reviewed,us,us
2021-01-10T10:13:35.766Z,-15.7187,-179.3551,10,4.6,mb,,103,1.841,0.44,us,us7000d1ek,2021-01-27T08:01:42.040Z,"158 km ENE of Labasa, Fiji",earthquake,9.3,1.9,0.182,9,reviewed,us,us
2021-01-10T08:15:19.303Z,-34.6771,-71.8167,41.53,4.7,mb,,70,0.344,0.68,us,us6000d77g,2021-01-10T18:29:28.607Z,"41 km W of Santa Cruz, Chile",earthquake,4.5,6.3,0.081,48,reviewed,us,us
2021-01-10T06:48:20.287Z,-16.0368,167.8548,160,6.1,mww,,24,0.858,0.74,us,us6000d764,2021-01-12T07:00:58.729Z,"47 km E of Lakatoro, Vanuatu",earthquake,4.8,1.8,0.046,45,reviewed,us,us
2021-01-10T06:38:19.421Z,37.7534,141.7386,46.68,4.5,mb,,135,3.068,0.86,us,us6000d75y,2021-01-11T01:42:19.792Z,"71 km ENE of Namie, Japan",earthquake,8.3,7.5,0.095,34,reviewed,us,us
2021-01-10T03:54:14.190Z,-24.0354,-66.6296,217,6.1,mww,,36,1.784,1.18,us,us6000d74p,2021-01-12T04:01:04.750Z,"37 km WNW of San Antonio de los Cobres, Argentina",earthquake,9,1.9,0.032,95,reviewed,us,us
2021-01-10T03:27:50.573Z,-18.5665,-69.5537,118.5,4.5,mb,,70,0.736,0.74,us,us6000d74n,2021-01-10T04:11:10.867Z,"79 km E of Arica, Chile",earthquake,6.4,6.5,0.127,18,reviewed,us,us
2021-01-10T03:23:28.668Z,23.7206,121.5521,11.42,4.7,mb,,98,0.401,1.15,us,us6000d74m,2021-01-10T14:28:16.116Z,"28 km S of Hualien City, Taiwan",earthquake,2.7,5,0.112,24,reviewed,us,us
2021-01-10T03:13:46.242Z,-24.6161,-179.9927,492.99,4.6,mb,,47,4.964,0.67,us,us6000d74k,2021-01-10T03:32:07.040Z,"south of the Fiji Islands",earthquake,11.6,9,0.047,134,reviewed,us,us
2021-01-10T02:44:36.107Z,51.8893,178.6053,93.19,4.6,mb,,119,1.607,0.78,us,us6000d74f,2021-01-22T19:51:46.900Z,"Rat Islands, Aleutian Islands, Alaska",earthquake,9.6,6.6,0.043,163,reviewed,us,us
2021-01-10T02:23:57.705Z,-49.7619,116.011,10,4.6,mb,,142,16.805,0.59,us,us6000d74d,2021-01-10T02:44:50.040Z,"western Indian-Antarctic Ridge",earthquake,12.2,1.9,0.173,11,reviewed,us,us
2021-01-09T23:01:12.683Z,-10.8029,162.4962,10,5.3,mww,,39,2.852,0.81,us,us6000d73v,2021-01-19T23:25:53.040Z,"73 km ESE of Kirakira, Solomon Islands",earthquake,7.7,1.8,0.08,15,reviewed,us,us
2021-01-09T16:15:41.040Z,-24.7816,-179.6652,519.89,4.9,mb,,179,4.707,1.06,us,us6000d729,2021-01-09T16:31:14.040Z,"south of the Fiji Islands",earthquake,15,18.6,0.098,33,reviewed,us,us
2021-01-09T15:12:30.584Z,-25.0141,-179.2001,475.06,4.9,mb,,132,4.363,0.96,us,us6000d71x,2021-01-09T15:26:24.040Z,"south of the Fiji Islands",earthquake,9.7,11.3,0.102,30,reviewed,us,us
2021-01-09T15:00:57.957Z,9.6728,148.0991,10,4.8,mb,,69,5.016,1.31,us,us6000d724,2021-01-09T15:40:13.040Z,"State of Chuuk, Federated States of Micronesia",earthquake,7,1.9,0.066,72,reviewed,us,us
2021-01-09T12:28:13.260Z,-7.0921,129.4783,113.8,5,mww,,48,2.01,1.28,us,us6000d714,2021-01-09T12:45:53.040Z,"Kepulauan Babar, Indonesia",earthquake,5.9,7.4,0.093,11,reviewed,us,us
2021-01-09T11:35:52.817Z,24.7341,122.0312,71.07,4.8,mww,,26,0.54,0.84,us,us6000d70x,2021-01-10T14:38:20.534Z,"28 km E of Yilan, Taiwan",earthquake,5,5,0.098,10,reviewed,us,us
2021-01-09T08:23:01.606Z,-17.9343,-178.5181,578.93,5.2,mww,,97,3.271,0.78,us,us6000d6zw,2021-01-27T07:26:38.040Z,"229 km E of Levuka, Fiji",earthquake,11,6.7,0.098,10,reviewed,us,us
2021-01-09T05:36:33.842Z,37.8559,142.6165,34.87,4.6,mb,,134,3.167,0.54,us,us6000d6yj,2021-01-27T05:59:16.746Z,"131 km ESE of Ishinomaki, Japan",earthquake,8.4,5.7,0.098,31,reviewed,us,us
2021-01-09T03:33:33.935Z,16.8689,-101.6993,10,4.6,mb,,177,2.798,0.76,us,us6000d6xs,2021-01-09T03:53:45.040Z,"85 km SSW of Palos Blancos, Mexico",earthquake,9.5,1.9,0.032,295,reviewed,us,us
2021-01-09T01:39:39.169Z,-16.1755,167.9359,183.67,5.5,mww,,37,1.01,1.17,us,us6000d6xb,2021-01-10T01:42:55.261Z,"56 km E of Lakatoro, Vanuatu",earthquake,6.4,5.4,0.086,13,reviewed,us,us
2021-01-09T00:40:40.977Z,-23.6308,-66.8749,211.27,4.5,mb,,94,1.376,0.66,us,us6000d6x7,2021-01-09T23:16:32.040Z,"86 km NW of San Antonio de los Cobres, Argentina",earthquake,9.3,9.3,0.243,5,reviewed,us,us
2021-01-08T18:36:41.337Z,-17.6391,-172.4935,10,5,mww,,64,2.825,0.75,us,us6000d6tr,2021-01-13T15:25:41.040Z,"Tonga region",earthquake,8.4,1.8,0.098,10,reviewed,us,us
2021-01-08T16:49:57.642Z,-7.3316,120.2186,589.82,5.2,mww,,32,2.348,1.45,us,us6000d6sh,2021-01-09T18:36:52.040Z,"133 km NNE of Labuan Bajo, Indonesia",earthquake,9.5,5.1,0.089,12,reviewed,us,us
2021-01-08T16:24:40.731Z,51.9401,-170.8822,18.17,4.5,mb,,117,1.106,1.38,us,us6000d6sj,2021-01-21T18:41:40.108Z,"176 km SW of Nikolski, Alaska",earthquake,4.1,2.7,0.14,15,reviewed,us,us
2021-01-08T12:08:57.195Z,-17.2801,-173.4651,10,5,mb,,129,3.723,0.51,us,us6000d6pq,2021-01-08T12:34:59.040Z,"150 km SSE of Hihifo, Tonga",earthquake,5.9,1.9,0.075,57,reviewed,us,us
2021-01-08T11:41:58.880Z,-30.5461,-179.6466,337.53,5.2,mww,,31,1.976,0.73,us,us6000d6pl,2021-01-08T11:59:33.040Z,"Kermadec Islands region",earthquake,12.2,6.9,0.098,10,reviewed,us,us
2021-01-08T09:48:41.855Z,-55.6349,-28.6437,27.4,5.2,mb,,80,4.719,0.71,us,us6000d6p8,2021-01-08T10:08:45.040Z,"South Sandwich Islands region",earthquake,6.4,5.8,0.062,85,reviewed,us,us
2021-01-08T05:01:04.246Z,-20.7367,169.8821,113,6.1,mww,,37,1.88,0.69,us,us6000d6my,2021-01-20T06:28:13.630Z,"146 km SSE of Isangel, Vanuatu",earthquake,7.5,1.9,0.045,48,reviewed,us,us
2021-01-08T03:54:44.240Z,42.0648,81.0766,10,4.6,mb,,155,1.64,0.77,us,us7000d131,2021-01-20T23:47:33.040Z,"118 km NE of Aksu, China",earthquake,3.9,1.9,0.244,5,reviewed,us,us
2021-01-08T03:48:57.718Z,42.0946,81.1774,10,5,mb,,109,1.753,0.97,us,us6000d6mk,2021-01-08T04:07:45.040Z,"125 km NE of Aksu, China",earthquake,7.8,1.9,0.068,71,reviewed,us,us
2021-01-08T00:45:07.947Z,-10.3648,161.4039,93.94,4.8,mb,,73,1.704,0.91,us,us6000d6ll,2021-01-09T23:06:36.040Z,"57 km W of Kirakira, Solomon Islands",earthquake,10.1,7.9,0.071,62,reviewed,us,us
2021-01-08T00:28:49.782Z,-29.4779,-178.7021,224,6.3,mww,,22,0.713,1.19,us,us6000d6lg,2021-01-11T18:38:35.726Z,"Kermadec Islands, New Zealand",earthquake,8.1,1.9,0.043,51,reviewed,us,us
2021-01-07T23:52:59.184Z,-4.4085,-75.4105,53.04,4.6,mb,,69,4.018,0.73,us,us6000d6lb,2021-01-17T00:14:11.040Z,"95 km NNE of Lagunas, Peru",earthquake,8,8.5,0.053,105,reviewed,us,us
2021-01-07T21:27:36.252Z,-12.3616,167.0569,226.62,4.6,mb,,102,3.07,0.94,us,us6000d6kk,2021-01-17T00:08:06.040Z,"175 km NNW of Sola, Vanuatu",earthquake,11.9,5.9,0.068,65,reviewed,us,us
2021-01-07T21:16:48.873Z,47.8779,153.5467,67.94,4.5,mb,,204,5.867,0.73,us,us6000d6kg,2021-01-16T23:59:14.040Z,"Kuril Islands",earthquake,15.9,12.3,0.111,24,reviewed,us,us
2021-01-07T13:53:03.003Z,-15.0995,-173.4204,39.81,4.5,mb,,87,1.979,1.3,us,us7000d0dp,2021-01-16T17:21:52.040Z,"102 km NNE of Hihifo, Tonga",earthquake,10.9,8.2,0.14,15,reviewed,us,us
2021-01-07T09:17:13.233Z,46.8984,-27.2173,10,4.8,mb,,51,9.214,0.52,us,us6000d6dm,2021-01-07T09:49:54.040Z,"northern Mid-Atlantic Ridge",earthquake,9.6,1.9,0.04,199,reviewed,us,us
2021-01-07T07:26:50.316Z,-42.6393,-82.6443,10,5.2,mww,,186,6.614,0.75,us,us6000d6cy,2021-01-07T14:54:54.040Z,"West Chile Rise",earthquake,10.5,1.9,0.098,10,reviewed,us,us
2021-01-07T06:28:32.237Z,-57.4361,-25.0716,35,4.6,mb,,69,7.158,0.58,us,us7000d0dg,2021-01-31T13:38:13.040Z,"South Sandwich Islands region",earthquake,8.3,1.9,0.105,27,reviewed,us,us
2021-01-07T04:37:35.909Z,6.8167,-73.0503,149.56,4.6,mb,,40,0.918,0.95,us,us6000d6cd,2021-01-22T04:38:26.040Z,"northern Colombia",earthquake,5.8,5.4,0.032,287,reviewed,us,us
2021-01-07T02:49:03.029Z,-58.8365,-25.4808,35,4.7,mb,,68,9.885,0.63,us,us7000d0dc,2021-01-22T04:13:57.040Z,"South Sandwich Islands region",earthquake,6.6,1.9,0.118,22,reviewed,us,us
2021-01-07T01:27:31.280Z,6.3819,94.2415,78.43,5,mb,,49,2.925,0.75,us,us6000d6bs,2021-01-22T04:31:19.352Z,"130 km WNW of Sabang, Indonesia",earthquake,8.7,5,0.073,59,reviewed,us,us
2021-01-07T00:04:52.088Z,-7.0262,155.9677,10,4.5,mb,,99,4.611,0.71,us,us7000d0d8,2021-01-18T23:48:15.040Z,"94 km SE of Panguna, Papua New Guinea",earthquake,9,1.8,0.115,22,reviewed,us,us
2021-01-06T21:47:45.765Z,-17.7809,-178.6939,537.32,5,mb,,42,3.1,0.84,us,us6000d6ah,2021-01-17T03:22:06.040Z,"213 km E of Levuka, Fiji",earthquake,10,6.3,0.045,159,reviewed,us,us
2021-01-06T20:59:34.318Z,0.0661,122.9532,148,6.1,mww,,13,1.115,1.2,us,us6000d69r,2021-01-15T18:34:39.379Z,"53 km SSW of Gorontalo, Indonesia",earthquake,6.7,1.8,0.039,63,reviewed,us,us
2021-01-06T19:18:59.653Z,-26.5568,67.7027,10,4.7,mb,,64,20.527,0.55,us,us7000d0bq,2021-01-15T19:01:53.040Z,"Indian Ocean Triple Junction",earthquake,6.1,1.8,0.094,34,reviewed,us,us
2021-01-06T19:13:29.760Z,39.8411,143.3322,26.75,4.9,mb,,135,1.975,0.75,us,us6000d68y,2021-01-15T18:10:08.040Z,"121 km E of Miyako, Japan",earthquake,8.1,4.9,0.071,62,reviewed,us,us
2021-01-06T18:29:56.675Z,51.2221,-179.1775,32.58,4.5,mb,,210,0.641,0.95,us,us7000d0bp,2021-01-20T21:28:41.810Z,"190 km WSW of Adak, Alaska",earthquake,6.1,9.9,0.128,18,reviewed,us,us
2021-01-06T18:18:38.814Z,-28.9641,-177.3688,69.77,4.9,mb,,123,0.564,0.64,us,us6000d67n,2021-01-15T17:57:39.040Z,"Kermadec Islands region",earthquake,11.8,5.8,0.11,27,reviewed,us,us
2021-01-06T17:28:35.454Z,-4.381,102.694,61.04,5.5,mww,,27,0.261,1.11,us,us6000d672,2021-01-15T18:54:08.158Z,"72 km WSW of Pagar Alam, Indonesia",earthquake,7.6,3.4,0.098,10,reviewed,us,us
2021-01-06T17:01:43.684Z,45.4319,16.2428,10,4.7,mwr,,17,0.954,0.73,us,us6000d66s,2021-01-18T14:49:53.310Z,"3 km W of Petrinja, Croatia",earthquake,4.1,1.8,0.041,57,reviewed,us,us
2021-01-06T16:52:16.717Z,-7.0585,155.7921,44,5.8,mww,,11,4.599,0.93,us,us6000d66r,2021-01-19T01:09:33.184Z,"88 km SSE of Panguna, Papua New Guinea",earthquake,8.3,1.9,0.054,33,reviewed,us,us
2021-01-06T16:38:40.941Z,-19.5308,-69.2288,101.36,4.8,mwr,,71,0.14,0.92,us,us6000d66l,2021-01-19T01:00:42.759Z,"122 km NE of Iquique, Chile",earthquake,5.5,3.6,0.053,34,reviewed,us,us
2021-01-06T16:17:46.982Z,-28.8087,-177.1128,35,4.9,mb,,104,0.836,1.1,us,us6000d66j,2021-01-19T00:56:44.040Z,"Kermadec Islands region",earthquake,8.9,1.9,0.102,30,reviewed,us,us
2021-01-06T15:44:33.066Z,8.941,126.5075,40.1,4.5,mb,,127,2.074,0.84,us,us7000d0bm,2021-01-19T00:53:59.040Z,"22 km ENE of Aras-asan, Philippines",earthquake,10.5,8.6,0.124,19,reviewed,us,us
2021-01-06T11:26:42.626Z,-23.0958,-66.4782,212.21,4.6,mb,,45,1.573,0.88,us,us6000d643,2021-01-31T06:38:50.040Z,"82 km W of El Aguilar, Argentina",earthquake,6.9,8.5,0.111,24,reviewed,us,us
2021-01-06T09:21:10.772Z,27.2494,-44.372,10,4.5,mb,,131,21.881,0.2,us,us7000d0bk,2021-01-30T13:07:26.040Z,"northern Mid-Atlantic Ridge",earthquake,14.6,1.9,0.139,16,reviewed,us,us
2021-01-06T06:20:32.613Z,-29.0707,-176.8993,26.12,6.2,mww,,111,0.917,1.24,us,us6000d5zz,2021-01-07T06:23:46.855Z,"Kermadec Islands region",earthquake,8.9,4.9,0.083,14,reviewed,us,us
2021-01-06T03:23:07.839Z,32.6042,141.6235,10,4.8,mb,,72,1.631,0.78,us,us6000d5za,2021-01-22T03:06:45.040Z,"Izu Islands, Japan region",earthquake,7.7,1.8,0.098,32,reviewed,us,us
2021-01-06T02:30:54.702Z,-22.5438,-12.265,10,4.7,mb,,70,27.094,0.46,us,us6000d5z3,2021-01-16T06:14:53.040Z,"southern Mid-Atlantic Ridge",earthquake,13.5,1.9,0.108,26,reviewed,us,us
2021-01-06T00:25:49.522Z,51.2234,178.8881,35,4.6,mb,,83,1.477,1.02,us,us6000d5xv,2021-01-20T23:32:21.040Z,"Rat Islands, Aleutian Islands, Alaska",earthquake,9.5,2,0.045,143,reviewed,us,us
2021-01-05T22:00:02.821Z,-31.6873,-70.2204,101.39,4.6,mwr,,65,0.733,0.79,us,us6000d5x0,2021-01-18T23:11:24.921Z,"71 km E of Salamanca, Chile",earthquake,5,2.6,0.045,47,reviewed,us,us
2021-01-05T17:31:48.617Z,-6.9662,147.8878,75.54,4.5,mb,,58,2.527,0.62,us,us6000d5ug,2021-01-06T22:43:34.040Z,"45 km S of Finschhafen, Papua New Guinea",earthquake,4.8,7.3,0.064,84,reviewed,us,us
2021-01-05T14:34:36.581Z,-30.6212,-177.8417,20.31,4.7,mb,,116,1.373,0.63,us,us7000d09n,2021-01-17T19:10:44.040Z,"Kermadec Islands, New Zealand",earthquake,10.2,5.9,0.159,14,reviewed,us,us
2021-01-05T13:22:11.957Z,-35.3165,-105.3368,9.36,4.8,mb,,128,8.851,0.86,us,us7000d09l,2021-01-17T17:47:21.040Z,"southern East Pacific Rise",earthquake,13,4.4,0.139,18,reviewed,us,us
2021-01-05T11:56:18.094Z,-10.4267,123.8207,10,5.1,mb,,71,0.799,0.63,us,us6000d5r8,2021-01-25T08:59:13.040Z,"36 km SE of Kupang, Indonesia",earthquake,6.2,1.9,0.095,36,reviewed,us,us
2021-01-05T03:43:54.379Z,-38.572,178.0098,75.81,4.6,mb,,75,0.772,0.81,us,us6000d5np,2021-01-22T00:30:33.993Z,"9 km N of Gisborne, New Zealand",earthquake,5.3,6.8,0.181,9,reviewed,us,us
2021-01-05T03:11:54.696Z,-14.408,167.3276,175.12,4.9,mb,,41,1.04,0.91,us,us6000d5nl,2021-01-22T00:24:52.040Z,"63 km SSW of Sola, Vanuatu",earthquake,7.1,4.1,0.062,81,reviewed,us,us
2021-01-05T02:16:21.501Z,32.394,141.2047,35,4.5,mb,,101,4.525,0.68,us,us7000d09x,2021-01-21T02:44:56.040Z,"Izu Islands, Japan region",earthquake,7.1,2,0.172,10,reviewed,us,us
2021-01-05T00:55:08.575Z,8.2719,-82.8748,10,4.7,mwr,,62,0.461,1.28,us,us6000d5mw,2021-01-16T23:53:13.739Z,"1 km WSW of Puerto Armuelles, Panama",earthquake,6.3,1.8,0.08,15,reviewed,us,us
2021-01-04T23:02:44.963Z,-25.2277,-179.9002,516.57,4.5,mb,,98,4.369,0.46,us,us6000d5m8,2021-01-04T23:21:20.040Z,"south of the Fiji Islands",earthquake,14,15.7,0.171,10,reviewed,us,us
2021-01-04T22:55:46.223Z,-24.5317,-179.9681,486.24,4.5,mb,,156,5.035,0.75,us,us6000d89q,2021-01-15T02:51:45.040Z,"south of the Fiji Islands",earthquake,12.1,10.2,0.124,19,reviewed,us,us
2021-01-04T19:44:53.139Z,-17.2356,-64.431,59.85,4.5,mb,,79,3.667,0.71,us,us6000d5jc,2021-01-12T14:15:38.040Z,"66 km WNW of Villa Yapacaní, Bolivia",earthquake,8.9,10.1,0.113,23,reviewed,us,us
2021-01-04T15:54:59.134Z,13.5768,144.543,120.04,4.6,mb,,119,0.316,0.28,us,us6000d89n,2021-01-14T14:55:33.040Z,"20 km NW of Piti Village, Guam",earthquake,14.7,8.4,0.245,5,reviewed,us,us
2021-01-04T15:06:30.330Z,-39.2886,-74.8965,10,4.9,mb,,101,1.28,0.67,us,us6000d5gc,2021-01-14T14:37:04.040Z,"142 km WNW of Corral, Chile",earthquake,6.4,1.8,0.057,95,reviewed,us,us
2021-01-04T14:38:51.112Z,73.1244,6.4873,10,4.8,mb,,73,5.63,0.7,us,us6000d5g6,2021-01-14T14:22:36.040Z,"Greenland Sea",earthquake,7.4,1.8,0.063,77,reviewed,us,us
2021-01-04T12:16:14.836Z,-57.0495,-26.8527,142.94,5.6,mww,,66,6.115,0.84,us,us6000d5es,2021-01-05T12:19:51.020Z,"South Sandwich Islands region",earthquake,10.8,6.2,0.093,11,reviewed,us,us
2021-01-04T08:54:01.512Z,8.0386,-39.194,10,4.9,mb,,80,13.675,0.68,us,us6000d5e0,2021-01-04T09:24:36.040Z,"central Mid-Atlantic Ridge",earthquake,11.6,1.9,0.044,161,reviewed,us,us
2021-01-04T08:37:47.526Z,67.8835,-19.1197,10,4.7,mb,,39,2.801,0.53,us,us6000d5dx,2021-01-04T09:52:16.040Z,"193 km N of Siglufjörður, Iceland",earthquake,3.1,1.8,0.042,174,reviewed,us,us
2021-01-04T06:39:59.950Z,-55.5145,-27.0075,10,4.7,mb,,114,5.608,0.31,us,us6000d89h,2021-01-24T11:05:17.040Z,"South Sandwich Islands region",earthquake,11.7,1.9,0.112,24,reviewed,us,us
2021-01-04T02:58:29.611Z,29.4293,104.0285,10,5,mb,,57,4.822,0.64,us,us6000d5cl,2021-01-18T22:31:15.175Z,"4 km N of Luocheng, China",earthquake,6.7,1.8,0.065,75,reviewed,us,us
2021-01-04T00:23:19.748Z,-19.7552,-69.5327,98.57,4.8,mb,,55,0.116,0.77,us,us6000d5c5,2021-01-04T16:56:13.727Z,"82 km NE of Iquique, Chile",earthquake,5,4.5,0.095,34,reviewed,us,us
2021-01-04T00:05:10.096Z,13.1674,122.2262,10,4.5,mb,,132,14.128,0.87,us,us6000d899,2021-01-17T03:25:10.040Z,"22 km SE of Torrijos, Philippines",earthquake,15.2,1.9,0.118,21,reviewed,us,us
2021-01-03T21:53:35.455Z,-2.7349,122.1901,10,4.5,mb,,61,1.779,0.93,us,us6000d5bq,2021-01-21T00:26:54.040Z,"142 km NNW of Kendari, Indonesia",earthquake,7,1.9,0.118,21,reviewed,us,us
2021-01-03T21:26:59.384Z,-31.9948,-178.2952,35,4.5,mb,,173,2.759,0.84,us,us6000d815,2021-01-20T23:43:54.040Z,"Kermadec Islands region",earthquake,10.5,2,0.131,17,reviewed,us,us
2021-01-03T21:15:33.994Z,-35.3049,-104.8453,10,4.9,mb,,51,9.011,0.89,us,us6000d5bv,2021-01-21T00:30:51.040Z,"southeast of Easter Island",earthquake,12.7,1.8,0.088,41,reviewed,us,us
2021-01-03T19:13:57.905Z,-2.7634,122.2431,10,5,mww,,48,1.789,1.23,us,us6000d5aj,2021-01-03T19:33:09.040Z,"137 km NNW of Kendari, Indonesia",earthquake,4.4,1.8,0.093,11,reviewed,us,us
2021-01-03T18:57:23.209Z,-50.8373,131.3262,10,4.5,mb,,135,20.097,1.25,us,us6000d812,2021-01-16T17:39:12.040Z,"western Indian-Antarctic Ridge",earthquake,13.7,2,0.15,13,reviewed,us,us
2021-01-03T13:22:21.983Z,13.3416,-90.8009,41.94,4.7,mb,,139,1.461,0.59,us,us6000d593,2021-01-13T15:47:13.040Z,"64 km S of Puerto San José, Guatemala",earthquake,7.6,6.7,0.044,154,reviewed,us,us
2021-01-03T13:20:21.441Z,-30.8511,-71.3552,37.61,4.5,mb,,131,0.298,0.75,us,us6000d591,2021-01-03T14:24:29.040Z,"31 km SSW of Ovalle, Chile",earthquake,4.9,6.9,0.204,11,reviewed,us,us
2021-01-03T12:45:29.909Z,7.3832,127.1691,10,4.7,mb,,123,1.608,0.84,us,us6000d81c,2021-01-17T12:53:30.040Z,"65 km E of Baculin, Philippines",earthquake,5.2,1.9,0.126,19,reviewed,us,us
2021-01-03T12:38:48.930Z,51.2327,-179.8028,21,6.1,mww,,52,2.052,0.64,us,us6000d58t,2021-01-31T12:48:51.018Z,"231 km WSW of Adak, Alaska",earthquake,5.5,1.9,0.046,46,reviewed,us,us
2021-01-03T11:52:59.498Z,13.2919,-90.8542,47.75,4.8,mb,,143,1.472,0.68,us,us6000d58i,2021-01-17T12:20:16.040Z,"70 km S of Puerto San José, Guatemala",earthquake,7.9,8.7,0.067,68,reviewed,us,us
2021-01-03T10:14:25.206Z,-7.1469,-80.5385,41.55,4.5,mb,,123,4.821,0.91,us,us6000d584,2021-01-17T12:14:34.040Z,"75 km WSW of Pimentel, Peru",earthquake,6.5,7.9,0.128,18,reviewed,us,us
2021-01-03T09:21:05.045Z,-25.2563,178.6652,595.64,4.5,mb,,103,4.997,0.57,us,us6000d580,2021-01-17T12:09:32.040Z,"south of the Fiji Islands",earthquake,13.7,9.8,0.115,23,reviewed,us,us
2021-01-03T08:45:03.419Z,57.6374,-153.9182,59.6,4.9,ml,,,,0.91,ak,ak02153n5s1,2021-01-30T12:03:41.040Z,"11 km NNE of Larsen Bay, Alaska",earthquake,,0.4,,,reviewed,ak,ak
2021-01-03T06:42:29.935Z,25.8779,128.5508,10,5,mww,,64,0.986,0.4,us,us6000d563,2021-01-30T07:23:47.185Z,"84 km SE of Katsuren-haebaru, Japan",earthquake,5.7,1.9,0.098,10,reviewed,us,us
2021-01-03T06:11:43.698Z,25.817,128.5092,10,4.5,mb,,84,1.036,0.59,us,us6000d80t,2021-01-30T07:20:19.040Z,"85 km SE of Katsuren-haebaru, Japan",earthquake,6.4,1.9,0.135,16,reviewed,us,us
2021-01-03T05:25:20.355Z,1.0057,-28.181,10,5.2,mb,,41,10.271,0.48,us,us6000d55a,2021-01-29T13:33:22.040Z,"central Mid-Atlantic Ridge",earthquake,8,1.4,0.047,151,reviewed,us,us
2021-01-03T05:24:15.663Z,25.9065,128.5553,10,5,mww,,59,0.959,0.49,us,us6000d556,2021-01-29T13:14:18.273Z,"Ryukyu Islands, Japan",earthquake,6.1,1.8,0.075,17,reviewed,us,us
2021-01-03T04:57:49.272Z,-19.056,-172.847,10,5.1,mb,,78,2.761,1.14,us,us6000d54w,2021-01-29T01:18:37.040Z,"127 km ESE of Neiafu, Tonga",earthquake,8.8,1.5,0.067,75,reviewed,us,us
2021-01-03T03:27:17.347Z,-52.1475,-4.9906,10,5.1,mb,,61,19.619,0.98,us,us6000d54g,2021-01-29T01:04:52.040Z,"southern Mid-Atlantic Ridge",earthquake,11.4,1.7,0.092,38,reviewed,us,us
2021-01-03T03:21:42.646Z,-52.1755,-4.908,10,5.1,mb,,50,15.985,0.73,us,us6000d54c,2021-01-29T00:52:45.040Z,"southern Mid-Atlantic Ridge",earthquake,9.4,1.5,0.082,48,reviewed,us,us
2021-01-02T23:21:18.144Z,-62.3706,-58.3091,10,5.2,mww,,85,0.212,0.75,us,us6000d53i,2021-01-14T02:36:46.040Z,"South Shetland Islands",earthquake,5.3,1.7,0.089,12,reviewed,us,us
2021-01-02T20:35:57.693Z,4.3285,138.0206,13.45,5.3,mww,,34,7.307,0.65,us,us6000d533,2021-01-13T03:23:00.040Z,"Palau region",earthquake,8.5,3.5,0.065,23,reviewed,us,us
2021-01-02T18:45:28.711Z,14.5873,56.2762,10,4.5,mb,,72,13.511,0.94,us,us6000d7sn,2021-01-29T23:00:09.040Z,"Owen Fracture Zone region",earthquake,12.1,1.9,0.108,29,reviewed,us,us
2021-01-02T16:36:34.402Z,-5.1569,153.0172,44.93,4.7,mb,,134,1.282,1.27,us,us6000d51z,2021-01-02T17:10:32.040Z,"122 km SE of Kokopo, Papua New Guinea",earthquake,9.1,6.7,0.102,29,reviewed,us,us
2021-01-02T13:59:26.125Z,-1.9216,122.5472,10,4.6,mb,,107,0.902,1.42,us,us6000d551,2021-01-03T05:18:15.040Z,"110 km SSW of Luwuk, Indonesia",earthquake,6.8,1.9,0.172,10,reviewed,us,us
2021-01-02T13:26:46.184Z,24.0282,122.3178,20.15,4.5,mwr,,73,0.676,0.46,us,us6000d50q,2021-01-02T13:52:50.678Z,"72 km E of Hualien City, Taiwan",earthquake,3.4,5,0.06,27,reviewed,us,us
2021-01-02T13:02:51.369Z,37.4002,71.882,114.73,4.5,mb,,74,3.666,0.55,us,us6000d50i,2021-01-02T13:39:40.040Z,"30 km ESE of Khorugh, Tajikistan",earthquake,4.5,14.4,0.18,9,reviewed,us,us
2021-01-02T12:09:06.932Z,-52.8755,21.1971,10,4.5,mb,,91,21.62,0.73,us,us6000d7sg,2021-01-24T13:58:40.040Z,"south of Africa",earthquake,15,1.9,0.181,9,reviewed,us,us
2021-01-02T11:57:41.889Z,-52.7006,20.4829,10,4.5,mb,,104,21.634,0.54,us,us6000d7se,2021-01-24T13:23:06.040Z,"south of Africa",earthquake,12.3,2,0.164,11,reviewed,us,us
2021-01-02T11:50:00.313Z,-27.7994,-176.0976,10,4.5,mb,,146,2.161,0.62,us,us6000d7sd,2021-01-24T09:58:55.040Z,"Kermadec Islands region",earthquake,12.2,1.9,0.192,8,reviewed,us,us
2021-01-02T11:15:48.996Z,-17.8249,-178.3677,552.92,4.5,mb,,113,3.411,0.76,us,us6000d4zx,2021-01-25T09:08:10.040Z,"246 km E of Levuka, Fiji",earthquake,6.9,7.4,0.064,71,reviewed,us,us
2021-01-02T10:03:18.016Z,-52.7519,21.4308,10,4.7,mb,,48,20.612,0.33,us,us6000d7su,2021-01-29T11:42:12.040Z,"south of Africa",earthquake,11.9,1.9,0.147,14,reviewed,us,us
2021-01-02T09:52:42.051Z,-52.7868,21.1476,32.97,4.5,mb,,95,20.397,0.17,us,us6000d7sa,2021-01-29T11:22:24.040Z,"south of Africa",earthquake,14.8,5.3,0.163,12,reviewed,us,us
2021-01-02T09:34:13.621Z,-18.963,167.6305,10,4.5,mb,,111,2.533,0.54,us,us6000d4z7,2021-01-28T12:53:16.040Z,"153 km SSW of Port-Vila, Vanuatu",earthquake,5.5,1.9,0.125,20,reviewed,us,us
2021-01-02T09:26:47.058Z,-19.0393,167.6144,10,4.5,mb,,109,2.46,0.44,us,us6000d7s8,2021-01-28T12:27:52.040Z,"162 km SSW of Port-Vila, Vanuatu",earthquake,7.9,1.9,0.127,18,reviewed,us,us
2021-01-02T09:23:36.873Z,-52.9976,20.94,10,5.1,mb,,38,20.096,0.52,us,us6000d4z6,2021-01-28T12:08:24.040Z,"south of Africa",earthquake,10.9,1.8,0.087,43,reviewed,us,us
2021-01-02T08:40:21.557Z,-23.4957,-68.8815,96.06,4.5,mb,,43,0.843,0.78,us,us6000d4yw,2021-01-17T11:24:48.040Z,"95 km SW of San Pedro de Atacama, Chile",earthquake,3.8,6,0.115,22,reviewed,us,us
2021-01-02T08:34:21.366Z,-5.839,153.0949,32.75,5.1,mww,,92,1.881,0.64,us,us6000d4yv,2021-01-17T11:21:01.040Z,"189 km SSE of Kokopo, Papua New Guinea",earthquake,4.9,4.6,0.086,13,reviewed,us,us
2021-01-02T06:33:22.026Z,-4.4028,138.204,150.65,4.6,mb,,49,6.122,0.71,us,us6000d4y4,2021-01-17T11:13:04.040Z,"Papua, Indonesia",earthquake,9.7,8.1,0.119,21,reviewed,us,us
